,name,loaning_club,player_value_in_moment_of_transfer,league,year,market_value_in_eur
0,Amad Diallo,AFC Sunderland,15000000,GB2,2022,7000000.0
1,Marquinhos,Norwich City,10000000,GB2,2022,70000000.0
2,Cameron Archer,FC Middlesbrough,8000000,GB2,2022,8000000.0
3,Cameron Archer,Preston North End,500000,GB2,2021,8000000.0
4,Tyler Roberts,Queens Park Rangers,8000000,GB2,2022,4000000.0
5,Isaac Hayden,Norwich City,8000000,GB2,2022,5000000.0
6,Joe Gelhardt,AFC Sunderland,8000000,GB2,2022,8000000.0
7,Liam Delap,Preston North End,7000000,GB2,2022,7000000.0
8,Liam Delap,Stoke City,1000000,GB2,2022,7000000.0
9,Taylor Harwood-Bellis,FC Burnley,7000000,GB2,2022,13000000.0
10,Taylor Harwood-Bellis,Stoke City,3000000,GB2,2021,13000000.0
11,Taylor Harwood-Bellis,Blackburn Rovers,2000000,GB2,2020,13000000.0
12,Zack Steffen,FC Middlesbrough,6000000,GB2,2022,4500000.0
13,Axel Tuanzebe,Stoke City,6000000,GB2,2022,6000000.0
14,Axel Tuanzebe,Aston Villa,1000000,GB2,2018,6000000.0
15,Ian Maatsen,FC Burnley,5000000,GB2,2022,9000000.0
16,Ian Maatsen,Coventry City,-,GB2,2021,9000000.0
17,Ian Maatsen,Charlton Athletic,-,GB3,2020,9000000.0
18,Marvelous Nakamba,Luton Town,5000000,GB2,2022,5000000.0
19,Ethan Laird,Queens Park Rangers,5000000,GB2,2022,5000000.0
20,Ethan Laird,AFC Bournemouth,5000000,GB2,2021,5000000.0
21,Ethan Laird,Swansea City,1000000,GB2,2021,5000000.0
22,Ethan Laird,Milton Keynes Dons,1000000,GB3,2020,5000000.0
23,Jeff Hendrick,FC Reading,5000000,GB2,2022,2500000.0
24,Jeff Hendrick,Queens Park Rangers,7000000,GB2,2021,2500000.0
25,Aaron Connolly,Hull City,5000000,GB2,2022,5000000.0
26,Aaron Connolly,FC Middlesbrough,7000000,GB2,2021,5000000.0
27,Aaron Connolly,Luton Town,-,GB3,2018,5000000.0
28,Henrique Araújo,FC Watford,5000000,GB2,2022,5000000.0
29,Troy Parrott,Preston North End,5000000,GB2,2022,4000000.0
30,Troy Parrott,Milton Keynes Dons,3000000,GB3,2021,4000000.0
31,Troy Parrott,FC Millwall,3000000,GB2,2020,4000000.0
32,Troy Parrott,Ipswich Town,3000000,GB3,2020,4000000.0
33,Jordan Beyer,FC Burnley,4000000,GB2,2022,4000000.0
34,Dimitrios Pelkas,Hull City,4000000,GB2,2022,3500000.0
35,Mamadou Loum,FC Reading,4000000,GB2,2022,3500000.0
36,Ki-Jana Hoever,Stoke City,4000000,GB2,2022,4000000.0
37,Kortney Hause,FC Watford,4000000,GB2,2022,2800000.0
38,Kortney Hause,Aston Villa,1000000,GB2,2018,2800000.0
39,Krystian Bielik,Birmingham City,4000000,GB2,2022,3000000.0
40,Krystian Bielik,Charlton Athletic,2000000,GB3,2018,3000000.0
41,Michael Obafemi,FC Burnley,4000000,GB2,2022,4000000.0
42,Hamza Choudhury,FC Watford,4000000,GB2,2022,5000000.0
43,Hassane Kamara,FC Watford,4000000,GB2,2022,6000000.0
44,Rhys Williams,FC Blackpool,4000000,GB2,2022,3000000.0
45,Rhys Williams,Swansea City,5000000,GB2,2021,3000000.0
46,Tino Anjorin,Huddersfield Town,3000000,GB2,2022,2500000.0
47,Tino Anjorin,Huddersfield Town,3000000,GB2,2021,2500000.0
48,James McAtee,Sheffield United,3000000,GB2,2022,5000000.0
49,Halil Dervisoglu,FC Burnley,3000000,GB2,2022,2500000.0
50,Charlie Cresswell,FC Millwall,3000000,GB2,2022,5000000.0
51,Cody Drameh,Luton Town,3000000,GB2,2022,3000000.0
52,Cody Drameh,Cardiff City,1000000,GB2,2021,3000000.0
53,Tyler Morton,Blackburn Rovers,3000000,GB2,2022,5000000.0
54,Edouard Michut,AFC Sunderland,3000000,GB2,2022,2500000.0
55,Jaden Philogene,Cardiff City,3000000,GB2,2022,2500000.0
56,Jaden Philogene,Stoke City,500000,GB2,2021,2500000.0
57,Ryan Giles,FC Middlesbrough,3000000,GB2,2022,6000000.0
58,Ryan Giles,Blackburn Rovers,2000000,GB2,2021,6000000.0
59,Ryan Giles,Cardiff City,1000000,GB2,2021,6000000.0
60,Ryan Giles,Rotherham United,1000000,GB2,2020,6000000.0
61,Ryan Giles,Coventry City,-,GB2,2020,6000000.0
62,Ryan Giles,Coventry City,-,GB3,2019,6000000.0
63,Ryan Giles,Shrewsbury Town,-,GB3,2019,6000000.0
64,Oliver Burke,FC Millwall,3000000,GB2,2022,3000000.0
65,Oliver Burke,FC Millwall,5000000,GB2,2021,3000000.0
66,Bersant Celina,Stoke City,3000000,GB2,2022,3000000.0
67,Bersant Celina,Ipswich Town,3000000,GB3,2021,3000000.0
68,Aaron Ramsey,FC Middlesbrough,3000000,GB2,2022,3000000.0
69,Aaron Ramsey,FC Middlesbrough,3000000,GB2,2022,3000000.0
70,Aaron Ramsey,Norwich City,1000000,GB2,2022,3000000.0
71,Aaron Ramsey,Norwich City,1000000,GB2,2022,3000000.0
72,Aaron Ramsey,Cheltenham Town,1000000,GB3,2021,3000000.0
73,Aaron Ramsey,Cheltenham Town,1000000,GB3,2021,3000000.0
74,Jamie Shackleton,FC Millwall,2000000,GB2,2022,2500000.0
75,Jonathan Panzo,Coventry City,2000000,GB2,2022,3000000.0
76,Tommy Doyle,Sheffield United,2000000,GB2,2022,4000000.0
77,Tommy Doyle,Cardiff City,1000000,GB2,2021,4000000.0
78,Tim Iroegbunam,Queens Park Rangers,2000000,GB2,2022,3000000.0
79,Sory Kaba,Cardiff City,2000000,GB2,2022,2500000.0
80,Keinan Davis,FC Watford,2000000,GB2,2022,3000000.0
81,Keinan Davis,Nottingham Forest,3000000,GB2,2021,3000000.0
82,Niels Nkounkou,Cardiff City,2000000,GB2,2022,2500000.0
83,Abdul-Rahman Baba,FC Reading,2000000,GB2,2022,1800000.0
84,Abdul-Rahman Baba,FC Reading,2000000,GB2,2021,1800000.0
85,Tariqe Fosu,Stoke City,2000000,GB2,2022,2000000.0
86,Tariqe Fosu,Rotherham United,2000000,GB2,2022,2000000.0
87,Ian Poveda,FC Blackpool,2000000,GB2,2022,1000000.0
88,Ian Poveda,Blackburn Rovers,1000000,GB2,2021,1000000.0
89,Álvaro Fernandez,Preston North End,2000000,GB2,2022,2500000.0
90,Marc Albrighton,West Bromwich Albion,2000000,GB2,2022,2000000.0
91,Matija Sarkic,Stoke City,2000000,GB2,2022,2000000.0
92,Matija Sarkic,Birmingham City,100000,GB2,2021,2000000.0
93,Matija Sarkic,Shrewsbury Town,100000,GB3,2020,2000000.0
94,Charlie Patino,FC Blackpool,2000000,GB2,2022,3500000.0
95,Will Smallbone,Stoke City,2000000,GB2,2022,2200000.0
96,Karl Darlow,Hull City,1000000,GB2,2022,1800000.0
97,Nathan Tella,FC Burnley,1000000,GB2,2022,4500000.0
98,Domingos Quina,Rotherham United,1000000,GB2,2022,1800000.0
99,Domingos Quina,FC Fulham,3000000,GB2,2021,1800000.0
100,Domingos Quina,FC Barnsley,2000000,GB2,2021,1800000.0
101,Ciaran Clark,Sheffield United,1000000,GB2,2022,700000.0
102,Przemyslaw Placheta,Birmingham City,1000000,GB2,2022,2000000.0
103,Danel Sinani,Wigan Athletic,1000000,GB2,2022,1500000.0
104,Danel Sinani,Huddersfield Town,550000,GB2,2021,1500000.0
105,Gavin Kilkenny,Stoke City,1000000,GB2,2022,700000.0
106,Gavin Kilkenny,Charlton Athletic,700000,GB3,2022,700000.0
107,Ashley Fletcher,Wigan Athletic,1000000,GB2,2022,1000000.0
108,Anthony Knockaert,Huddersfield Town,1000000,GB2,2022,1200000.0
109,Anthony Knockaert,Nottingham Forest,5000000,GB2,2020,1200000.0
110,Grant Hall,Rotherham United,1000000,GB2,2022,900000.0
111,Clinton Mola,Blackburn Rovers,1000000,GB2,2022,800000.0
112,Cesare Casadei,FC Reading,1000000,GB2,2022,1000000.0
113,Theo Corbeanu,FC Blackpool,1000000,GB2,2022,1500000.0
114,Theo Corbeanu,Milton Keynes Dons,1000000,GB3,2021,1500000.0
115,Theo Corbeanu,Sheffield Wednesday,500000,GB3,2021,1500000.0
116,Dujon Sterling,Stoke City,1000000,GB2,2022,800000.0
117,Dujon Sterling,FC Blackpool,900000,GB2,2021,800000.0
118,Dujon Sterling,Wigan Athletic,-,GB2,2019,800000.0
119,Dujon Sterling,Coventry City,-,GB3,2018,800000.0
120,Conor Coventry,Rotherham United,1000000,GB2,2022,1000000.0
121,Conor Coventry,Peterborough United,200000,GB2,2021,1000000.0
122,Conor Coventry,Milton Keynes Dons,300000,GB3,2021,1000000.0
123,Conor Coventry,Lincoln City,-,GB3,2019,1000000.0
124,Reda Khadra,Birmingham City,1000000,GB2,2022,1000000.0
125,Reda Khadra,Sheffield United,1000000,GB2,2022,1000000.0
126,Reda Khadra,Blackburn Rovers,150000,GB2,2021,1000000.0
127,Josh Wilson-Esbrand,Coventry City,1000000,GB2,2022,1000000.0
128,Luke Cundle,Swansea City,800000,GB2,2022,1000000.0
129,Miguel Azeez,Wigan Athletic,800000,GB2,2022,800000.0
130,Miguel Azeez,FC Portsmouth,500000,GB3,2021,800000.0
131,George Hirst,Blackburn Rovers,800000,GB2,2022,800000.0
132,George Hirst,Ipswich Town,800000,GB3,2022,800000.0
133,George Hirst,FC Portsmouth,800000,GB3,2021,800000.0
134,George Hirst,Rotherham United,450000,GB2,2020,800000.0
135,Cédric Kipré,Cardiff City,800000,GB2,2022,1500000.0
136,Ethan Horvath,Luton Town,800000,GB2,2022,1000000.0
137,Leo Fuhr Hjelde,Rotherham United,800000,GB2,2022,800000.0
138,Omar Rekik,Wigan Athletic,800000,GB2,2022,800000.0
139,Charlie Goode,FC Blackpool,800000,GB2,2022,800000.0
140,Charlie Goode,Sheffield United,1000000,GB2,2021,800000.0
141,Charlie Goode,Northampton Town,100000,GB4,2018,800000.0
142,Ellis Simms,AFC Sunderland,600000,GB2,2022,1200000.0
143,Ellis Simms,FC Blackpool,-,GB3,2020,1200000.0
144,Luke Mbete,Huddersfield Town,600000,GB2,2022,2000000.0
145,Luke Mbete,Bolton Wanderers,2000000,GB3,2022,2000000.0
146,Dion Sanderson,Birmingham City,600000,GB2,2022,3000000.0
147,Dion Sanderson,Queens Park Rangers,300000,GB2,2021,3000000.0
148,Dion Sanderson,Birmingham City,150000,GB2,2021,3000000.0
149,Dion Sanderson,AFC Sunderland,150000,GB3,2020,3000000.0
150,Dion Sanderson,Cardiff City,-,GB2,2019,3000000.0
151,Nathan Broadhead,Wigan Athletic,500000,GB2,2022,500000.0
152,Nathan Broadhead,AFC Sunderland,500000,GB3,2021,500000.0
153,Nathan Broadhead,Burton Albion,-,GB3,2019,500000.0
154,Joseph Hungbo,Huddersfield Town,450000,GB2,2022,450000.0
155,Taylor Richards,Queens Park Rangers,400000,GB2,2022,400000.0
156,Taylor Richards,Birmingham City,400000,GB2,2021,400000.0
157,Taylor Richards,Doncaster Rovers,-,GB3,2020,400000.0
158,Harvey Vale,Hull City,400000,GB2,2022,2000000.0
159,Fin Stevens,Swansea City,400000,GB2,2022,400000.0
160,Matthew Lowton,Huddersfield Town,400000,GB2,2022,400000.0
161,Harry Clarke,Stoke City,350000,GB2,2022,600000.0
162,Harry Clarke,Oldham Athletic,-,GB4,2020,600000.0
163,Matthew Sorinola,Swansea City,350000,GB2,2022,800000.0
164,Kaine Kesler-Hayden,Huddersfield Town,300000,GB2,2022,1500000.0
165,Kaine Kesler-Hayden,Milton Keynes Dons,250000,GB3,2021,1500000.0
166,Kaine Kesler-Hayden,Swindon Town,250000,GB4,2021,1500000.0
167,Xavier Simons,Hull City,300000,GB2,2022,500000.0
168,Martyn Waghorn,Huddersfield Town,300000,GB2,2022,300000.0
169,Emmanuel Longelo,Birmingham City,150000,GB2,2022,800000.0
170,Salah-Eddine Oulad M'Hand,Hull City,-,GB2,2022,800000.0
171,Tayo Adaramola,Coventry City,-,GB2,2022,1500000.0
172,Armstrong Oko-Flex,Swansea City,-,GB2,2022,500000.0
173,Shola Shoretire,Bolton Wanderers,4000000,GB3,2022,4000000.0
174,Di'Shon Bernard,FC Portsmouth,3000000,GB3,2022,3500000.0
175,Di'Shon Bernard,Hull City,1000000,GB2,2021,3500000.0
176,Di'Shon Bernard,Salford City,1000000,GB4,2020,3500000.0
177,Tom Edwards,FC Barnsley,2000000,GB3,2022,2000000.0
178,Tom Edwards,Fleetwood Town,1000000,GB3,2020,2000000.0
179,Steven Sessegnon,Charlton Athletic,1000000,GB3,2022,700000.0
180,Steven Sessegnon,Plymouth Argyle,1000000,GB3,2021,700000.0
181,Steven Sessegnon,Bristol City,2000000,GB2,2020,700000.0
182,Dan N'Lundulu,Cheltenham Town,1000000,GB3,2022,1200000.0
183,Dan N'Lundulu,Bolton Wanderers,1000000,GB3,2022,1200000.0
184,Dan N'Lundulu,Lincoln City,1000000,GB3,2021,1200000.0
185,Dan N'Lundulu,Cheltenham Town,1000000,GB3,2021,1200000.0
186,Myles Peart-Harris,Forest Green Rovers,1000000,GB3,2022,1000000.0
187,Dynel Simeu,FC Morecambe,1000000,GB3,2022,1000000.0
188,Dynel Simeu,Tranmere Rovers,1000000,GB4,2022,1000000.0
189,Dynel Simeu,Carlisle United,1000000,GB4,2021,1000000.0
190,Lewis Bate,Oxford United,1000000,GB3,2022,1000000.0
191,Louie Barry,Milton Keynes Dons,1000000,GB3,2022,1000000.0
192,Louie Barry,Salford City,1000000,GB4,2022,1000000.0
193,Louie Barry,Ipswich Town,1000000,GB3,2021,1000000.0
194,Louie Barry,Swindon Town,1000000,GB4,2021,1000000.0
195,Conor Bradley,Bolton Wanderers,1000000,GB3,2022,1000000.0
196,Sam Cosgrove,Plymouth Argyle,1000000,GB3,2022,1000000.0
197,Sam Cosgrove,Shrewsbury Town,1000000,GB3,2021,1000000.0
198,Sam Cosgrove,AFC Wimbledon,1000000,GB3,2021,1000000.0
199,Tashan Oakley-Boothe,Lincoln City,900000,GB3,2022,450000.0
200,Taylor Moore,Shrewsbury Town,800000,GB3,2022,600000.0
201,Taylor Moore,FC Blackpool,1000000,GB3,2019,600000.0
202,Taylor Moore,Southend United,500000,GB3,2018,600000.0
203,Henry Lawrence,Milton Keynes Dons,800000,GB3,2022,800000.0
204,Henry Lawrence,AFC Wimbledon,-,GB3,2021,800000.0
205,Tyreece John-Jules,Ipswich Town,800000,GB3,2022,800000.0
206,Tyreece John-Jules,FC Blackpool,-,GB2,2021,800000.0
207,Tyreece John-Jules,Sheffield Wednesday,700000,GB3,2021,800000.0
208,Tyreece John-Jules,Doncaster Rovers,-,GB3,2020,800000.0
209,Tyreece John-Jules,Lincoln City,-,GB3,2019,800000.0
210,Rekeem Harper,Exeter City,800000,GB3,2022,800000.0
211,Rekeem Harper,Crewe Alexandra,2000000,GB3,2021,800000.0
212,Rekeem Harper,Birmingham City,2000000,GB2,2020,800000.0
213,Josh Martin,FC Barnsley,800000,GB3,2022,800000.0
214,Josh Martin,Milton Keynes Dons,1000000,GB3,2021,800000.0
215,Josh Martin,Doncaster Rovers,1000000,GB3,2021,800000.0
216,Slobodan Tedic,FC Barnsley,750000,GB3,2022,750000.0
217,Alex Mighten,Sheffield Wednesday,600000,GB3,2022,600000.0
218,Luke Plange,Lincoln City,600000,GB3,2022,600000.0
219,Luke Plange,Derby County,-,GB2,2021,600000.0
220,Harvey White,Derby County,600000,GB3,2022,600000.0
221,Harvey White,FC Portsmouth,-,GB3,2020,600000.0
222,Reece James,Sheffield Wednesday,600000,GB3,2022,600000.0
223,Reece James,Sheffield Wednesday,600000,GB3,2022,70000000.0
224,Reece James,Wigan Athletic,-,GB2,2018,600000.0
225,Reece James,Wigan Athletic,-,GB2,2018,70000000.0
226,Charlie Savage,Forest Green Rovers,600000,GB3,2022,600000.0
227,Jesurun Rak-Sakyi,Charlton Athletic,500000,GB3,2022,500000.0
228,Liam McCarron,Port Vale FC,500000,GB3,2022,500000.0
229,Haydon Roberts,Derby County,500000,GB3,2022,500000.0
230,Haydon Roberts,AFC Rochdale,-,GB3,2020,500000.0
231,Lewis Gibson,Bristol Rovers,500000,GB3,2022,500000.0
232,Lewis Gibson,Sheffield Wednesday,500000,GB3,2021,500000.0
233,Lewis Gibson,FC Reading,-,GB2,2020,500000.0
234,Lewis Gibson,Fleetwood Town,-,GB3,2019,500000.0
235,Chem Campbell,Wycombe Wanderers,500000,GB3,2022,500000.0
236,Luke Southwood,Cheltenham Town,500000,GB3,2022,500000.0
237,Tyler Onyango,Forest Green Rovers,450000,GB3,2022,450000.0
238,Tyler Onyango,Burton Albion,200000,GB3,2022,450000.0
239,Owen Beck,Bolton Wanderers,400000,GB3,2022,400000.0
240,Bali Mumba,Plymouth Argyle,400000,GB3,2022,400000.0
241,Bali Mumba,Peterborough United,500000,GB2,2021,400000.0
242,Todd Kane,Charlton Athletic,400000,GB3,2022,400000.0
243,Todd Kane,Hull City,1000000,GB2,2018,400000.0
244,Julien Da Costa,Shrewsbury Town,300000,GB3,2022,300000.0
245,Liam Shaw,FC Morecambe,300000,GB3,2022,300000.0
246,Lewis Dobbin,Derby County,300000,GB3,2022,300000.0
247,Mipo Odubeko,Port Vale FC,300000,GB3,2022,300000.0
248,Mipo Odubeko,Huddersfield Town,250000,GB2,2021,300000.0
249,Mipo Odubeko,Doncaster Rovers,300000,GB3,2021,300000.0
250,Nigel Lonwijk,Plymouth Argyle,300000,GB3,2022,300000.0
251,Matt Macey,FC Portsmouth,300000,GB3,2022,300000.0
252,Matt Macey,Plymouth Argyle,500000,GB3,2018,300000.0
253,Lamare Bogarde,Bristol Rovers,300000,GB3,2022,300000.0
254,Jamie Cumming,Milton Keynes Dons,300000,GB3,2022,900000.0
255,Jamie Cumming,Milton Keynes Dons,300000,GB3,2021,900000.0
256,Jamie Cumming,FC Gillingham,300000,GB3,2021,900000.0
257,Jamie Cumming,FC Stevenage,450000,GB4,2020,900000.0
258,Conor McGrandles,Cambridge United,300000,GB3,2022,300000.0
259,Ellery Balcombe,Bristol Rovers,300000,GB3,2022,300000.0
260,Ellery Balcombe,Crawley Town,300000,GB4,2022,300000.0
261,Ellery Balcombe,Burton Albion,300000,GB3,2021,300000.0
262,Ellery Balcombe,Doncaster Rovers,300000,GB3,2020,300000.0
263,Oliver Casey,Forest Green Rovers,250000,GB3,2022,250000.0
264,Caleb Taylor,Cheltenham Town,250000,GB3,2022,250000.0
265,Caleb Watts,FC Morecambe,250000,GB3,2022,250000.0
266,Caleb Watts,Crawley Town,250000,GB4,2021,250000.0
267,Dane Scarlett,FC Portsmouth,250000,GB3,2022,2000000.0
268,Sylvester Jasper,Bristol Rovers,250000,GB3,2022,250000.0
269,Sylvester Jasper,Colchester United,250000,GB4,2021,250000.0
270,Christian Marques,Forest Green Rovers,200000,GB3,2022,200000.0
271,Luke McGee,Derby County,200000,GB3,2022,200000.0
272,Luke McGee,Bradford City,100000,GB4,2019,200000.0
273,Viljami Sinisalo,Burton Albion,200000,GB3,2022,200000.0
274,Jakub Stolarczyk,Fleetwood Town,200000,GB3,2022,200000.0
275,Jakub Stolarczyk,Hartlepool United,200000,GB4,2022,200000.0
276,Paris Maghoma,Milton Keynes Dons,200000,GB3,2022,200000.0
277,Paris Maghoma,AFC Wimbledon,200000,GB4,2022,200000.0
278,Will Norris,Peterborough United,200000,GB3,2022,200000.0
279,Will Norris,Ipswich Town,250000,GB3,2019,200000.0
280,Bobby Thomas,Bristol Rovers,150000,GB3,2022,150000.0
281,Bobby Thomas,FC Barnsley,150000,GB3,2022,150000.0
282,Bobby Thomas,AFC Barrow,200000,GB4,2020,150000.0
283,Jensen Weir,FC Morecambe,150000,GB3,2022,350000.0
284,Jensen Weir,Cambridge United,150000,GB3,2021,350000.0
285,Kgaogelo Chauke,Exeter City,150000,GB3,2022,250000.0
286,Harry Boyes,Lincoln City,100000,GB3,2022,100000.0
287,Harry Boyes,Forest Green Rovers,-,GB3,2022,100000.0
288,Thierry Small,Port Vale FC,100000,GB3,2022,1000000.0
289,Joseph Anang,Derby County,100000,GB3,2022,100000.0
290,Joseph Anang,FC Stevenage,-,GB4,2021,100000.0
291,Harry Smith,Exeter City,50000,GB3,2022,50000.0
292,Christian Saydee,Shrewsbury Town,50000,GB3,2022,50000.0
293,Christian Saydee,Burton Albion,50000,GB3,2021,50000.0
294,Lukas Jensen,Accrington Stanley,50000,GB3,2022,200000.0
295,Lukas Jensen,Carlisle United,25000,GB4,2021,200000.0
296,Lukas Jensen,Bolton Wanderers,25000,GB4,2020,200000.0
298,Lucas Bergström,Peterborough United,-,GB3,2022,250000.0
299,Daniel Oyegoke,Milton Keynes Dons,-,GB3,2022,500000.0
302,Ryan Astley,Accrington Stanley,-,GB3,2022,600000.0
304,Taylor Perry,Cheltenham Town,-,GB3,2022,300000.0
305,Taylor Perry,Cheltenham Town,-,GB3,2021,300000.0
314,Matty Longstaff,Colchester United,1000000,GB4,2022,1800000.0
315,Matty Longstaff,Mansfield Town,2000000,GB4,2021,1800000.0
316,Arthur Okonkwo,Crewe Alexandra,1000000,GB4,2022,1500000.0
317,Ethan Galbraith,Salford City,800000,GB4,2022,800000.0
318,Ethan Galbraith,Doncaster Rovers,900000,GB3,2021,800000.0
319,Ryan Schofield,Crawley Town,500000,GB4,2022,500000.0
320,Ryan Schofield,Notts County,100000,GB4,2018,500000.0
321,Adam Lewis,Newport County,500000,GB4,2022,500000.0
322,Adam Lewis,Plymouth Argyle,500000,GB3,2020,500000.0
323,Daryl Horgan,FC Stevenage,450000,GB4,2022,450000.0
324,D'Mani Mellor,AFC Rochdale,450000,GB4,2022,450000.0
325,D'Mani Mellor,Salford City,-,GB4,2021,450000.0
326,Dean Campbell,FC Stevenage,425000,GB4,2022,425000.0
327,Jamie McCart,Leyton Orient,400000,GB4,2022,400000.0
328,Logan Chalmers,Tranmere Rovers,375000,GB4,2022,375000.0
329,Josh Eppiah,Northampton Town,350000,GB4,2022,350000.0
330,Josh Eppiah,Northampton Town,350000,GB4,2021,350000.0
331,Teddy Jenks,Crawley Town,325000,GB4,2022,325000.0
332,Jack Hamilton,Hartlepool United,325000,GB4,2022,325000.0
333,Jack Hamilton,Hartlepool United,325000,GB4,2022,300000.0
334,Marc Leonard,Northampton Town,300000,GB4,2022,300000.0
335,Dan Kemp,Hartlepool United,300000,GB4,2022,300000.0
336,Dan Kemp,FC Blackpool,-,GB3,2020,300000.0
337,Dan Kemp,FC Stevenage,-,GB4,2019,300000.0
338,Kasey McAteer,AFC Wimbledon,300000,GB4,2022,300000.0
339,Kasey McAteer,Forest Green Rovers,300000,GB4,2021,300000.0
340,Max Woltman,Doncaster Rovers,300000,GB4,2022,300000.0
341,Danny Johnson,FC Walsall,300000,GB4,2022,300000.0
342,Dara Costelloe,Bradford City,300000,GB4,2022,300000.0
343,Ashley Maynard-Brewer,FC Gillingham,300000,GB4,2022,300000.0
344,Conor Masterson,FC Gillingham,300000,GB4,2022,300000.0
345,Conor Masterson,Cambridge United,300000,GB3,2021,300000.0
346,Conor Masterson,FC Gillingham,300000,GB3,2021,300000.0
347,Conor Masterson,Swindon Town,300000,GB3,2020,300000.0
348,Regan Hendry,Tranmere Rovers,300000,GB4,2022,300000.0
349,Kieran Sadlier,Leyton Orient,300000,GB4,2022,300000.0
350,Matty Daly,Harrogate Town,250000,GB4,2022,250000.0
351,Matty Daly,Hartlepool United,250000,GB4,2021,250000.0
352,Matty Daly,Bradford City,250000,GB4,2021,250000.0
353,Charlie Lakin,Doncaster Rovers,250000,GB4,2022,250000.0
354,Charlie Lakin,FC Stevenage,100000,GB4,2019,250000.0
355,Dion Pereira,Bradford City,250000,GB4,2022,250000.0
356,Dion Pereira,Bradford City,300000,GB4,2021,250000.0
357,Daniel Adshead,AFC Rochdale,250000,GB4,2022,250000.0
358,Daniel Adshead,FC Gillingham,200000,GB3,2021,250000.0
359,Dan Chesters,Colchester United,250000,GB4,2022,250000.0
360,Scott Banks,Bradford City,250000,GB4,2022,250000.0
361,Josh Reid,FC Stevenage,250000,GB4,2022,250000.0
362,Kazeem Olaigbe,Harrogate Town,225000,GB4,2022,225000.0
363,Caleb Chukwuemeka,Crawley Town,200000,GB4,2022,200000.0
364,Lewis Richardson,Grimsby Town,200000,GB4,2022,200000.0
365,Aaron Rowe,Stockport County,200000,GB4,2022,200000.0
366,Ed Turns,Leyton Orient,200000,GB4,2022,200000.0
367,Rayhaan Tulloch,AFC Rochdale,200000,GB4,2022,200000.0
368,Rayhaan Tulloch,Doncaster Rovers,-,GB3,2020,200000.0
369,Kwesi Appiah,Colchester United,200000,GB4,2022,200000.0
370,Jonathan Tomkinson,FC Stevenage,150000,GB4,2022,150000.0
371,Hayden Lindley,Newport County,150000,GB4,2022,150000.0
372,Jack Jenkins,Salford City,150000,GB4,2022,150000.0
373,Femi Seriki,AFC Rochdale,150000,GB4,2022,150000.0
374,Ryan Finnigan,Crewe Alexandra,150000,GB4,2022,150000.0
375,Jack Spong,Crawley Town,150000,GB4,2022,150000.0
376,Tolaji Bola,Bradford City,150000,GB4,2022,150000.0
377,Tolaji Bola,AFC Rochdale,-,GB3,2020,150000.0
378,Jake Eastwood,AFC Rochdale,100000,GB4,2022,100000.0
379,Jake Eastwood,FC Portsmouth,100000,GB3,2021,100000.0
380,Jake Eastwood,Grimsby Town,100000,GB4,2020,100000.0
381,Jake Eastwood,Scunthorpe United,100000,GB4,2019,100000.0
382,Yann Songo'o,FC Walsall,100000,GB4,2022,100000.0
383,Thomas Dickson-Peters,Grimsby Town,100000,GB4,2022,100000.0
384,Thomas Dickson-Peters,FC Gillingham,100000,GB3,2021,100000.0
385,James Brown,Doncaster Rovers,100000,GB4,2022,325000.0
386,James Brown,Stockport County,100000,GB4,2022,325000.0
387,James Brown,Lincoln City,150000,GB4,2018,325000.0
388,Khanya Leshabela,Crewe Alexandra,100000,GB4,2022,100000.0
389,Khanya Leshabela,Shrewsbury Town,100000,GB3,2021,100000.0
390,Vitezslav Jaros,Stockport County,100000,GB4,2022,100000.0
391,Stephen Duke-McKenna,Leyton Orient,50000,GB4,2022,50000.0
402,Jack Robinson,Carlisle United,-,GB4,2022,700000.0
408,Todd Cantwell,AFC Bournemouth,20000000,GB2,2021,8000000.0
409,Abdallah Sima,Stoke City,11000000,GB2,2021,7000000.0
410,Freddie Woodman,AFC Bournemouth,10000000,GB2,2021,6000000.0
411,Freddie Woodman,Swansea City,3000000,GB2,2020,6000000.0
412,Freddie Woodman,Swansea City,500000,GB2,2019,6000000.0
413,Neco Williams,FC Fulham,8000000,GB2,2021,18000000.0
414,Nathaniel Phillips,AFC Bournemouth,8000000,GB2,2021,6000000.0
415,Filip Uremovic,Sheffield United,7000000,GB2,2021,4000000.0
416,Morgan Gibbs-White,Sheffield United,7000000,GB2,2021,25000000.0
417,Morgan Gibbs-White,Swansea City,7000000,GB2,2020,25000000.0
418,Andraz Sporar,FC Middlesbrough,5000000,GB2,2021,5000000.0
419,Hannes Wolf,Swansea City,5000000,GB2,2021,4000000.0
420,Marcus Forss,Hull City,4000000,GB2,2021,3000000.0
421,Marcus Forss,AFC Wimbledon,150000,GB3,2019,3000000.0
422,Andre Gray,Queens Park Rangers,4000000,GB2,2021,2000000.0
423,Tahith Chong,Birmingham City,4000000,GB2,2021,2500000.0
424,Josh Maja,Stoke City,4000000,GB2,2021,4000000.0
425,Folarin Balogun,FC Middlesbrough,4000000,GB2,2021,14000000.0
426,James Léa Siliki,FC Middlesbrough,4000000,GB2,2021,1500000.0
427,James Garner,Nottingham Forest,4000000,GB2,2021,14000000.0
428,James Garner,Nottingham Forest,3000000,GB2,2020,14000000.0
429,James Garner,FC Watford,2000000,GB2,2020,14000000.0
430,Deyovaisio Zeefuik,Blackburn Rovers,3000000,GB2,2021,1500000.0
431,Liam Moore,Stoke City,3000000,GB2,2021,1000000.0
432,Conor Hourihane,Sheffield United,3000000,GB2,2021,1800000.0
433,Conor Hourihane,Swansea City,6000000,GB2,2020,1800000.0
434,Sam McCallum,Queens Park Rangers,3000000,GB2,2021,3000000.0
435,Sam McCallum,Coventry City,750000,GB2,2020,3000000.0
436,Sam McCallum,Coventry City,-,GB3,2019,3000000.0
437,Danny Drinkwater,FC Reading,3000000,GB2,2021,700000.0
438,Allahyar Sayyadmanesh,Hull City,3000000,GB2,2021,4000000.0
439,Robin Olsen,Sheffield United,3000000,GB2,2021,2000000.0
440,Philip Zinckernagel,Nottingham Forest,3000000,GB2,2021,3500000.0
441,Josh Murphy,Preston North End,3000000,GB2,2021,1800000.0
442,Ben Davies,Sheffield United,3000000,GB2,2021,2500000.0
443,Ben Davies,Sheffield United,3000000,GB2,2021,20000000.0
444,Max Lowe,Nottingham Forest,3000000,GB2,2021,2500000.0
445,Sheyi Ojo,FC Millwall,3000000,GB2,2021,2000000.0
446,Sheyi Ojo,Cardiff City,1000000,GB2,2020,2000000.0
447,Leo Östigard,Stoke City,3000000,GB2,2021,7000000.0
448,Leo Östigard,Coventry City,2000000,GB2,2020,7000000.0
449,Matt Clarke,West Bromwich Albion,3000000,GB2,2021,4000000.0
450,Matt Clarke,Derby County,2000000,GB2,2020,4000000.0
451,Matt Clarke,Derby County,200000,GB2,2019,4000000.0
452,Jan Paul van Hecke,Blackburn Rovers,2000000,GB2,2021,5000000.0
453,Onel Hernández,FC Middlesbrough,2000000,GB2,2021,1200000.0
454,Onel Hernández,Birmingham City,1000000,GB2,2021,1200000.0
455,Romaine Sawyers,Stoke City,2000000,GB2,2021,1200000.0
456,Jake Clarke-Salter,Coventry City,2000000,GB2,2021,2500000.0
457,Jake Clarke-Salter,Birmingham City,2000000,GB2,2020,2500000.0
458,Jake Clarke-Salter,Birmingham City,2000000,GB2,2019,2500000.0
459,Djed Spence,Nottingham Forest,2000000,GB2,2021,13000000.0
460,Teden Mengi,Birmingham City,2000000,GB2,2021,2000000.0
461,Teden Mengi,Derby County,1000000,GB2,2020,2000000.0
462,Jordan Hugill,West Bromwich Albion,2000000,GB2,2021,900000.0
463,Jordan Hugill,Cardiff City,1000000,GB2,2021,900000.0
464,Jordan Hugill,Queens Park Rangers,6000000,GB2,2019,900000.0
465,Jordan Hugill,FC Middlesbrough,8000000,GB2,2018,900000.0
466,Amine Bassi,FC Barnsley,1000000,GB2,2021,1000000.0
467,Benik Afobe,FC Millwall,1000000,GB2,2021,1800000.0
468,Benik Afobe,Bristol City,8000000,GB2,2019,1800000.0
469,Benik Afobe,Stoke City,10000000,GB2,2018,1800000.0
470,Luke Freeman,FC Millwall,1000000,GB2,2021,900000.0
471,Luke Freeman,Nottingham Forest,2000000,GB2,2020,900000.0
472,Jordi Osei-Tutu,Nottingham Forest,1000000,GB2,2021,1500000.0
473,Jordi Osei-Tutu,Rotherham United,1000000,GB3,2021,1500000.0
474,Jordi Osei-Tutu,Cardiff City,1000000,GB2,2020,1500000.0
475,Hayden Coulson,Peterborough United,1000000,GB2,2021,850000.0
476,Hayden Coulson,Ipswich Town,1000000,GB3,2021,850000.0
477,Hayden Coulson,Cambridge United,100000,GB4,2018,850000.0
478,Daniel Iversen,Preston North End,1000000,GB2,2021,2000000.0
479,Daniel Iversen,Preston North End,600000,GB2,2020,2000000.0
480,Daniel Iversen,Rotherham United,500000,GB3,2019,2000000.0
481,Daniel Iversen,Oldham Athletic,50000,GB4,2018,2000000.0
482,Matt Smith,Hull City,1000000,GB2,2021,350000.0
483,Matt Smith,Doncaster Rovers,-,GB3,2021,350000.0
484,Matt Smith,Doncaster Rovers,900000,GB3,2020,350000.0
485,Matt Smith,Charlton Athletic,-,GB3,2020,350000.0
486,Matt Smith,Swindon Town,-,GB3,2020,350000.0
487,Matt Smith,Queens Park Rangers,1000000,GB2,2019,350000.0
488,Matt Smith,Charlton Athletic,1000000,GB2,2019,350000.0
489,Tom Ince,FC Reading,1000000,GB2,2021,1500000.0
490,Tom Ince,Luton Town,2000000,GB2,2020,1500000.0
491,Rémy Vita,FC Barnsley,1000000,GB2,2021,800000.0
492,Jayson Molumby,West Bromwich Albion,1000000,GB2,2021,1200000.0
493,Jayson Molumby,Preston North End,900000,GB2,2020,1200000.0
494,Jayson Molumby,FC Millwall,-,GB2,2019,1200000.0
495,Cyrus Christie,Swansea City,1000000,GB2,2021,1200000.0
496,Cyrus Christie,Nottingham Forest,1000000,GB2,2020,1200000.0
497,Uche Ikpeazu,Cardiff City,800000,GB2,2021,700000.0
498,Leif Davis,AFC Bournemouth,800000,GB2,2021,800000.0
499,Jed Steer,Luton Town,800000,GB2,2021,600000.0
500,Jed Steer,Charlton Athletic,500000,GB3,2018,600000.0
501,Lyle Taylor,Birmingham City,700000,GB2,2021,350000.0
502,Juan Familia-Castillo,Birmingham City,700000,GB2,2021,500000.0
503,Juan Familia-Castillo,Charlton Athletic,500000,GB3,2021,500000.0
504,Tom Dele-Bashiru,FC Reading,700000,GB2,2021,2000000.0
505,Karl Hein,FC Reading,450000,GB2,2021,1500000.0
506,Claudio Gomes,FC Barnsley,450000,GB2,2021,1300000.0
507,Finley Burns,Swansea City,300000,GB2,2021,300000.0
508,Nathan Baxter,Hull City,300000,GB2,2021,600000.0
509,Nathan Baxter,Accrington Stanley,75000,GB3,2020,600000.0
510,Nathan Baxter,Yeovil Town,-,GB4,2018,600000.0
511,Alex Palmer,Luton Town,250000,GB2,2021,500000.0
512,Alex Palmer,Lincoln City,-,GB3,2020,500000.0
513,Alex Palmer,Plymouth Argyle,-,GB4,2019,500000.0
514,Alex Palmer,Notts County,-,GB4,2018,500000.0
515,Alex Palmer,Oldham Athletic,-,GB4,2018,500000.0
516,Leighton Clarkson,Blackburn Rovers,150000,GB2,2021,800000.0
517,Ryan Longman,Hull City,-,GB2,2021,1500000.0
518,Ryan Longman,AFC Wimbledon,-,GB3,2020,1500000.0
519,Levi Colwill,Huddersfield Town,-,GB2,2021,10000000.0
520,Jack Clarke,AFC Sunderland,5000000,GB3,2021,4000000.0
521,Jack Clarke,Stoke City,5000000,GB2,2020,4000000.0
522,Jack Clarke,Queens Park Rangers,6000000,GB2,2019,4000000.0
523,Jack Clarke,Leeds United,6000000,GB2,2019,4000000.0
524,Harry Arter,Charlton Athletic,2000000,GB3,2021,600000.0
525,Harry Arter,FC Fulham,7000000,GB2,2019,600000.0
526,Leon Dajaku,AFC Sunderland,1000000,GB3,2021,900000.0
527,Jonathan Leko,Charlton Athletic,1000000,GB3,2021,600000.0
528,Jonathan Leko,Charlton Athletic,1000000,GB2,2019,600000.0
529,Pontus Dahlberg,FC Gillingham,1000000,GB3,2021,1000000.0
530,Pontus Dahlberg,Doncaster Rovers,1000000,GB3,2021,1000000.0
531,Frederik Alves,AFC Sunderland,1000000,GB3,2021,600000.0
532,Daniel Jebbison,Burton Albion,1000000,GB3,2021,1000000.0
533,Bailey Peacock-Farrell,Sheffield Wednesday,1000000,GB3,2021,900000.0
534,Dominic Thompson,Ipswich Town,800000,GB3,2021,1800000.0
535,Dominic Thompson,Swindon Town,400000,GB3,2020,1800000.0
536,Christian Walton,Ipswich Town,800000,GB3,2021,800000.0
537,Christian Walton,Blackburn Rovers,1000000,GB2,2019,800000.0
538,Christian Walton,Wigan Athletic,250000,GB2,2018,800000.0
539,Herbie Kane,Oxford United,700000,GB3,2021,800000.0
540,Herbie Kane,Hull City,250000,GB2,2019,800000.0
541,Herbie Kane,Doncaster Rovers,-,GB3,2018,800000.0
544,Ron-Thorben Hoffmann,AFC Sunderland,600000,GB3,2021,400000.0
545,Florian Kamberi,Sheffield Wednesday,550000,GB3,2021,450000.0
546,Jacob Maddox,Burton Albion,500000,GB3,2021,500000.0
547,Jacob Maddox,Tranmere Rovers,-,GB3,2019,500000.0
548,Jacob Maddox,Cheltenham Town,-,GB4,2018,500000.0
549,Ciaron Brown,Oxford United,400000,GB3,2021,300000.0
550,Ethan Robson,Milton Keynes Dons,400000,GB3,2021,300000.0
551,Ethan Robson,Grimsby Town,500000,GB4,2019,300000.0
552,Josh Harrop,Fleetwood Town,400000,GB3,2021,250000.0
553,Josh Harrop,Ipswich Town,700000,GB3,2020,250000.0
554,Trevor Carson,FC Morecambe,350000,GB3,2021,350000.0
555,Joel Mumbongo,Accrington Stanley,300000,GB3,2021,300000.0
556,Matej Kovar,Burton Albion,250000,GB3,2021,900000.0
557,Matej Kovar,Swindon Town,250000,GB3,2020,900000.0
558,Mattie Pollock,Cheltenham Town,250000,GB3,2021,300000.0
559,Kayne Ramsay,Crewe Alexandra,250000,GB3,2021,250000.0
560,Kayne Ramsay,Shrewsbury Town,-,GB3,2019,250000.0
561,Dapo Mebude,AFC Wimbledon,200000,GB3,2021,300000.0
562,Nile John,Charlton Athletic,200000,GB3,2021,400000.0
563,Marcel Lewis,Accrington Stanley,150000,GB3,2021,150000.0
564,Akin Famewo,Charlton Athletic,100000,GB3,2021,250000.0
565,Akin Famewo,Charlton Athletic,25000,GB3,2020,250000.0
566,Akin Famewo,Grimsby Town,25000,GB4,2018,250000.0
567,Zak Jules,Fleetwood Town,100000,GB3,2021,150000.0
568,Daniel Phillips,FC Gillingham,100000,GB3,2021,100000.0
569,Adam Phillips,FC Morecambe,75000,GB3,2021,150000.0
570,Adam Phillips,Accrington Stanley,75000,GB3,2020,150000.0
571,Adam Phillips,FC Morecambe,75000,GB4,2020,150000.0
572,Adam Phillips,FC Morecambe,75000,GB4,2019,150000.0
573,Josh McPake,FC Morecambe,75000,GB3,2021,125000.0
574,Josh McPake,Tranmere Rovers,75000,GB4,2021,125000.0
575,Josh McPake,Harrogate Town,75000,GB4,2020,125000.0
576,Marlon Fossey,Bolton Wanderers,-,GB3,2021,1000000.0
577,Marlon Fossey,Shrewsbury Town,-,GB3,2020,1000000.0
582,Sam Hughes,Burton Albion,-,GB3,2021,300000.0
583,Sam Hughes,Burton Albion,-,GB3,2020,300000.0
584,Sam Hughes,Salford City,-,GB4,2019,300000.0
585,Tiago Cukur,Doncaster Rovers,-,GB3,2021,250000.0
586,James Trafford,Accrington Stanley,-,GB3,2021,1000000.0
587,James Trafford,Bolton Wanderers,-,GB3,2021,1000000.0
588,Jack Young,Wycombe Wanderers,-,GB3,2021,250000.0
589,Jack Young,Tranmere Rovers,-,GB4,2020,250000.0
590,Gavin Bazunu,FC Portsmouth,-,GB3,2021,15000000.0
591,Gavin Bazunu,AFC Rochdale,-,GB3,2020,15000000.0
592,Ryan Alebiosu,Crewe Alexandra,-,GB3,2021,350000.0
594,Nathan Holland,Oxford United,-,GB3,2021,500000.0
595,Nathan Holland,Oxford United,-,GB3,2019,500000.0
596,Ben Knight,Crewe Alexandra,-,GB3,2021,300000.0
600,Scott Robertson,Crewe Alexandra,-,GB3,2021,150000.0
602,Scott Robertson,FC Gillingham,-,GB3,2020,150000.0
604,Scott Robertson,Doncaster Rovers,-,GB3,2020,150000.0
605,Luke Matheson,Scunthorpe United,600000,GB4,2021,600000.0
606,Luke Matheson,Ipswich Town,900000,GB3,2020,600000.0
607,Luke Matheson,AFC Rochdale,-,GB3,2019,600000.0
608,Jamie Murphy,Mansfield Town,550000,GB4,2021,450000.0
609,Jamie Murphy,Burton Albion,1000000,GB3,2019,450000.0
610,Luke Thomas,Bristol Rovers,500000,GB4,2021,10000000.0
611,Luke Thomas,Ipswich Town,800000,GB3,2020,10000000.0
612,Luke Thomas,Coventry City,-,GB3,2018,10000000.0
614,Stephen Kelly,Salford City,400000,GB4,2021,400000.0
616,Jamie Walker,Bradford City,400000,GB4,2021,400000.0
618,Jamie Walker,Peterborough United,750000,GB3,2018,400000.0
619,Josh Pask,Newport County,300000,GB4,2021,100000.0
620,Nathan Bishop,Mansfield Town,300000,GB4,2021,300000.0
621,Ross Doohan,Tranmere Rovers,250000,GB4,2021,250000.0
622,Anthony Driscoll-Glennon,AFC Barrow,250000,GB4,2021,250000.0
623,Anthony Driscoll-Glennon,Grimsby Town,-,GB4,2019,250000.0
624,Nathan Delfouneso,Bradford City,250000,GB4,2021,250000.0
625,Tyler Magloire,Northampton Town,250000,GB4,2021,250000.0
626,Tyler Magloire,AFC Rochdale,-,GB3,2019,250000.0
627,Connor Ripley,Salford City,250000,GB4,2021,250000.0
628,Connor Ripley,Accrington Stanley,250000,GB3,2018,250000.0
630,Elliot Anderson,Bristol Rovers,200000,GB4,2021,3500000.0
631,Richard Nartey,Mansfield Town,200000,GB4,2021,200000.0
632,Richard Nartey,Burton Albion,-,GB3,2019,200000.0
633,Reece Devine,FC Walsall,150000,GB4,2021,150000.0
634,Brad Young,Carlisle United,150000,GB4,2021,200000.0
636,Jeriel Dorsett,AFC Rochdale,150000,GB4,2021,250000.0
637,Jack Aitchison,Forest Green Rovers,100000,GB4,2021,200000.0
638,Jack Aitchison,FC Stevenage,-,GB4,2020,200000.0
639,Jack Aitchison,Forest Green Rovers,-,GB4,2019,200000.0
640,Max Melbourne,FC Stevenage,100000,GB4,2021,100000.0
641,Max Melbourne,FC Walsall,100000,GB4,2020,100000.0
642,Max Melbourne,Lincoln City,100000,GB3,2019,100000.0
643,Owura Edwards,Exeter City,100000,GB4,2021,350000.0
644,Owura Edwards,Colchester United,100000,GB4,2021,350000.0
645,Owura Edwards,Grimsby Town,-,GB4,2020,350000.0
646,Isaac Olaofe,Sutton United,75000,GB4,2021,150000.0
648,Jake Cain,Newport County,-,GB4,2021,200000.0
653,Alex Mitchell,Leyton Orient,-,GB4,2021,275000.0
655,Lewis Cass,Port Vale FC,-,GB4,2021,150000.0
656,Rabbi Matondo,Stoke City,8000000,GB2,2020,3500000.0
657,Tomás Esteves,FC Reading,8000000,GB2,2020,1300000.0
658,Oliver Skipp,Norwich City,7000000,GB2,2020,15000000.0
659,Filip Benkovic,Cardiff City,7000000,GB2,2020,1700000.0
660,Filip Benkovic,Bristol City,9000000,GB2,2019,1700000.0
661,Alfie Mawson,Bristol City,7000000,GB2,2020,2500000.0
662,Filip Krovinovic,Nottingham Forest,6000000,GB2,2020,5000000.0
663,Filip Krovinovic,West Bromwich Albion,5000000,GB2,2019,5000000.0
664,Yan Valery,Birmingham City,6000000,GB2,2020,2500000.0
665,Anthony Gordon,Preston North End,5000000,GB2,2020,40000000.0
666,Carel Eiting,Huddersfield Town,4000000,GB2,2020,2000000.0
667,Harvey Elliott,Blackburn Rovers,4000000,GB2,2020,35000000.0
668,Xavi Quintillà,Norwich City,4000000,GB2,2020,1000000.0
669,Angus Gunn,Stoke City,4000000,GB2,2020,3000000.0
670,Yannick Bolasie,FC Middlesbrough,3000000,GB2,2020,275000.0
671,Yannick Bolasie,Aston Villa,18000000,GB2,2018,275000.0
672,Kenneth Zohore,FC Millwall,3000000,GB2,2020,700000.0
673,Saman Ghoddos,FC Brentford,3000000,GB2,2020,2200000.0
674,Charlie Austin,Queens Park Rangers,3000000,GB2,2020,800000.0
675,Shane Long,AFC Bournemouth,2000000,GB2,2020,300000.0
676,Tom Trybull,Blackburn Rovers,2000000,GB2,2020,800000.0
677,Patrick Roberts,FC Middlesbrough,2000000,GB2,2020,1800000.0
678,Patrick Roberts,Derby County,2000000,GB2,2020,1800000.0
679,Patrick Roberts,FC Middlesbrough,3000000,GB2,2019,1800000.0
680,Marc Guéhi,Swansea City,2000000,GB2,2020,35000000.0
681,Marc Guéhi,Swansea City,1000000,GB2,2019,35000000.0
682,Rodrigo Riquelme,AFC Bournemouth,2000000,GB2,2020,7500000.0
683,Barry Douglas,Blackburn Rovers,2000000,GB2,2020,400000.0
684,Jarrad Branthwaite,Blackburn Rovers,2000000,GB2,2020,3000000.0
685,Stefan Johansen,Queens Park Rangers,2000000,GB2,2020,1000000.0
686,Stefan Johansen,West Bromwich Albion,4000000,GB2,2018,1000000.0
687,Scott Malone,FC Millwall,2000000,GB2,2020,1000000.0
688,Izzy Brown,Sheffield Wednesday,2000000,GB2,2020,800000.0
689,Izzy Brown,Luton Town,5000000,GB2,2019,800000.0
690,Izzy Brown,Leeds United,5000000,GB2,2018,800000.0
691,Cameron Carter-Vickers,AFC Bournemouth,2000000,GB2,2020,9500000.0
692,Cameron Carter-Vickers,Luton Town,2000000,GB2,2019,9500000.0
693,Cameron Carter-Vickers,Stoke City,1000000,GB2,2019,9500000.0
694,Cameron Carter-Vickers,Swansea City,1000000,GB2,2018,9500000.0
695,Sepp van den Berg,Preston North End,1000000,GB2,2020,5000000.0
697,Jordy de Wijs,Queens Park Rangers,1000000,GB2,2020,1200000.0
698,Alfa Semedo,FC Reading,1000000,GB2,2020,1800000.0
699,Alfa Semedo,Nottingham Forest,2000000,GB2,2019,1800000.0
700,Marcus Bettinelli,FC Middlesbrough,1000000,GB2,2020,2000000.0
701,Liam Lindsay,Preston North End,1000000,GB2,2020,1000000.0
702,Winston Reid,FC Brentford,1000000,GB2,2020,400000.0
703,Beni Baningime,Derby County,1000000,GB2,2020,1000000.0
704,Beni Baningime,Wigan Athletic,2000000,GB2,2018,1000000.0
705,Matty James,Coventry City,1000000,GB2,2020,900000.0
706,Matty James,FC Barnsley,1000000,GB2,2020,900000.0
707,Kasey Palmer,Swansea City,1000000,GB2,2020,900000.0
708,Kasey Palmer,Blackburn Rovers,1000000,GB2,2018,900000.0
709,Kasey Palmer,Bristol City,1000000,GB2,2018,900000.0
710,Neeskens Kebano,FC Middlesbrough,1000000,GB2,2020,4000000.0
711,Florian Jozefzoon,Rotherham United,1000000,GB2,2020,500000.0
712,Cafú,Nottingham Forest,1000000,GB2,2020,600000.0
713,Viktor Gyökeres,Coventry City,1000000,GB2,2020,5000000.0
714,Viktor Gyökeres,Swansea City,1000000,GB2,2020,5000000.0
715,Sam Field,Queens Park Rangers,1000000,GB2,2020,2200000.0
716,Sam Field,Charlton Athletic,1000000,GB2,2019,2200000.0
717,Riley McGree,Birmingham City,900000,GB2,2020,2000000.0
718,George Edmundson,Derby County,500000,GB2,2020,500000.0
719,Rhys Norrington-Davies,Stoke City,500000,GB2,2020,3000000.0
720,Rhys Norrington-Davies,Luton Town,-,GB2,2020,3000000.0
721,Rhys Norrington-Davies,AFC Rochdale,-,GB3,2019,3000000.0
722,Joel Pereira,Huddersfield Town,475000,GB2,2020,2000000.0
723,Joel Pereira,Huddersfield Town,475000,GB2,2020,300000.0
724,Jamal Blackman,Rotherham United,400000,GB2,2020,500000.0
725,Jamal Blackman,Bristol Rovers,500000,GB3,2019,500000.0
726,Jamal Blackman,Leeds United,250000,GB2,2018,500000.0
727,Nnamdi Ofoborh,Wycombe Wanderers,250000,GB2,2020,400000.0
728,Nnamdi Ofoborh,Wycombe Wanderers,150000,GB3,2019,400000.0
729,Dennis Adeniran,Wycombe Wanderers,-,GB2,2020,700000.0
730,Kiernan Dewsbury-Hall,Luton Town,-,GB2,2020,20000000.0
731,Kiernan Dewsbury-Hall,FC Blackpool,-,GB3,2019,20000000.0
732,Josh Knight,Wycombe Wanderers,-,GB2,2020,600000.0
733,Josh Knight,Peterborough United,-,GB3,2019,600000.0
734,Josh Knight,Peterborough United,-,GB3,2018,600000.0
735,Ben Sheaf,Coventry City,-,GB2,2020,2500000.0
736,Ben Sheaf,Doncaster Rovers,-,GB3,2019,2500000.0
737,Ben Woodburn,FC Blackpool,4000000,GB3,2020,1000000.0
738,Ben Woodburn,Oxford United,5000000,GB3,2019,1000000.0
739,Ben Woodburn,Sheffield United,5000000,GB2,2018,1000000.0
740,Josef Bursik,Lincoln City,2000000,GB3,2020,2000000.0
741,Josef Bursik,Peterborough United,2000000,GB3,2020,2000000.0
742,Josef Bursik,Doncaster Rovers,-,GB3,2020,2000000.0
743,Josef Bursik,Accrington Stanley,-,GB3,2019,2000000.0
744,Josh Sims,Doncaster Rovers,1000000,GB3,2020,450000.0
745,Josh Sims,Doncaster Rovers,1000000,GB3,2020,450000.0
746,Josh Sims,FC Reading,750000,GB2,2018,450000.0
747,Callum Connolly,Fleetwood Town,1000000,GB3,2020,1200000.0
748,Callum Connolly,Lincoln City,2000000,GB3,2019,1200000.0
749,Callum Connolly,Fleetwood Town,2000000,GB3,2019,1200000.0
750,Callum Connolly,Bolton Wanderers,2000000,GB2,2018,1200000.0
751,Callum Connolly,Wigan Athletic,1000000,GB2,2018,1200000.0
752,George Byers,FC Portsmouth,1000000,GB3,2020,450000.0
753,Dan Crowley,Hull City,1000000,GB3,2020,600000.0
754,Keanan Bennetts,Ipswich Town,1000000,GB3,2020,600000.0
755,Jayden Stockley,Charlton Athletic,900000,GB3,2020,900000.0
756,Matthew Pennington,Shrewsbury Town,800000,GB3,2020,600000.0
757,Matthew Pennington,Hull City,1000000,GB2,2019,600000.0
758,Matthew Pennington,Ipswich Town,500000,GB2,2018,600000.0
759,Jan Zamburek,Shrewsbury Town,800000,GB3,2020,500000.0
760,Barrie McKay,Fleetwood Town,800000,GB3,2020,850000.0
761,Barrie McKay,Fleetwood Town,1000000,GB3,2019,850000.0
762,Dylan Levitt,Charlton Athletic,675000,GB3,2020,850000.0
763,Rasmus Nicolaisen,FC Portsmouth,600000,GB3,2020,5000000.0
764,Jordan Jones,AFC Sunderland,600000,GB3,2020,500000.0
765,Mark Travers,Swindon Town,500000,GB3,2020,2000000.0
766,Brandon Barker,Oxford United,500000,GB3,2020,350000.0
767,Brandon Barker,Preston North End,400000,GB2,2018,350000.0
768,Erhun Öztümer,Bristol Rovers,400000,GB3,2020,400000.0
769,Andrew Shinnie,Charlton Athletic,400000,GB3,2020,400000.0
770,Funso Ojo,Wigan Athletic,400000,GB3,2020,450000.0
771,Janoi Donacien,Fleetwood Town,400000,GB3,2020,300000.0
772,Janoi Donacien,Ipswich Town,250000,GB2,2018,300000.0
773,Janoi Donacien,Accrington Stanley,750000,GB3,2018,300000.0
774,Matthew Millar,Shrewsbury Town,400000,GB3,2020,400000.0
776,Sean Clare,Burton Albion,350000,GB3,2020,400000.0
777,Antony Evans,Crewe Alexandra,350000,GB3,2020,400000.0
778,Antony Evans,FC Blackpool,-,GB3,2018,400000.0
779,Olly Lee,FC Gillingham,350000,GB3,2020,350000.0
780,Olly Lee,FC Gillingham,450000,GB3,2019,350000.0
781,Nathan Wood,Crewe Alexandra,300000,GB3,2020,1200000.0
782,Dejan Iliev,Shrewsbury Town,300000,GB3,2020,325000.0
783,Scott Wootton,Wigan Athletic,300000,GB3,2020,300000.0
784,Kyle Vassell,Fleetwood Town,300000,GB3,2020,350000.0
785,Marcus McGuane,Oxford United,300000,GB3,2020,300000.0
786,Luka Racic,Northampton Town,300000,GB3,2020,250000.0
787,Mickel Miller,Northampton Town,300000,GB3,2020,300000.0
788,Louis Thompson,Milton Keynes Dons,250000,GB3,2020,200000.0
789,Louis Thompson,Shrewsbury Town,250000,GB3,2019,200000.0
790,Louis Thompson,Milton Keynes Dons,250000,GB3,2019,200000.0
792,Indiana Vassilev,Burton Albion,250000,GB3,2020,800000.0
793,Indiana Vassilev,Cheltenham Town,250000,GB4,2020,800000.0
795,Robbie Gotts,Lincoln City,250000,GB3,2020,250000.0
796,Robbie Gotts,Salford City,250000,GB4,2020,250000.0
797,George Johnston,Wigan Athletic,250000,GB3,2020,600000.0
798,Charlie Mulgrew,Fleetwood Town,250000,GB3,2020,300000.0
799,Charlie Mulgrew,Wigan Athletic,1000000,GB2,2019,300000.0
800,Jordan Stevens,Swindon Town,200000,GB3,2020,200000.0
801,Jordan Stevens,Bradford City,200000,GB4,2020,200000.0
802,Tom James,Wigan Athletic,200000,GB3,2020,200000.0
803,Tom James,Salford City,200000,GB4,2020,200000.0
804,Carlton Morris,Milton Keynes Dons,150000,GB3,2020,2800000.0
805,Carlton Morris,Rotherham United,150000,GB3,2019,2800000.0
806,Carlton Morris,Milton Keynes Dons,150000,GB3,2019,2800000.0
807,Sam Walker,AFC Wimbledon,150000,GB3,2020,250000.0
808,Sam Walker,FC Blackpool,150000,GB3,2020,250000.0
810,Dillon Barnes,Burton Albion,50000,GB3,2020,150000.0
811,Callum Slattery,FC Gillingham,50000,GB3,2020,450000.0
812,George Dobson,AFC Wimbledon,-,GB3,2020,400000.0
813,Liam Kelly,Oxford United,-,GB3,2020,250000.0
814,Liam Kelly,Oxford United,-,GB3,2020,475000.0
815,Liam Kelly,Oxford United,-,GB3,2020,700000.0
816,Liam Kelly,Oxford United,600000,GB3,2019,250000.0
817,Liam Kelly,Oxford United,600000,GB3,2019,475000.0
818,Liam Kelly,Oxford United,600000,GB3,2019,700000.0
819,Ryan Hardie,Plymouth Argyle,-,GB3,2020,600000.0
820,Ryan Hardie,Plymouth Argyle,-,GB4,2019,600000.0
823,Morgan Boyes,Fleetwood Town,-,GB3,2020,150000.0
824,Regan Slater,Hull City,-,GB3,2020,900000.0
825,Regan Slater,Scunthorpe United,-,GB4,2019,900000.0
826,Regan Slater,Carlisle United,-,GB4,2018,900000.0
827,Lasse Sörensen,Milton Keynes Dons,-,GB3,2020,450000.0
828,Warren O'Hora,Milton Keynes Dons,-,GB3,2020,600000.0
830,Darnell Johnson,Wigan Athletic,-,GB3,2020,150000.0
831,Darnell Johnson,AFC Wimbledon,-,GB3,2020,150000.0
833,Niall Ennis,Burton Albion,-,GB3,2020,350000.0
834,Niall Ennis,Doncaster Rovers,-,GB3,2019,350000.0
835,Liam Millar,Charlton Athletic,-,GB3,2020,2300000.0
836,Brennan Johnson,Lincoln City,-,GB3,2020,20000000.0
837,Elliot Embleton,FC Blackpool,-,GB3,2020,1200000.0
838,Elliot Embleton,Grimsby Town,-,GB4,2018,1200000.0
839,Joe Hilton,Fleetwood Town,-,GB3,2020,150000.0
840,Zechariah Medley,FC Gillingham,-,GB3,2020,500000.0
841,Jerome Opoku,Plymouth Argyle,-,GB3,2020,700000.0
842,Jerome Opoku,Accrington Stanley,-,GB3,2019,700000.0
843,Timothy Eyoma,Lincoln City,-,GB3,2020,500000.0
844,Timothy Eyoma,Lincoln City,-,GB3,2019,500000.0
846,Kazaiah Sterling,Southend United,1000000,GB4,2020,300000.0
847,Kazaiah Sterling,Doncaster Rovers,2000000,GB3,2019,300000.0
848,Kazaiah Sterling,Leyton Orient,2000000,GB4,2019,300000.0
849,Kazaiah Sterling,AFC Sunderland,-,GB3,2018,300000.0
850,Stephen Quinn,Mansfield Town,600000,GB4,2020,600000.0
851,Ali Crawford,Tranmere Rovers,550000,GB4,2020,375000.0
852,Hiram Boateng,Cambridge United,400000,GB4,2020,400000.0
853,Declan John,Bolton Wanderers,400000,GB4,2020,450000.0
854,Declan John,AFC Sunderland,800000,GB3,2019,450000.0
856,Marcel Hilßner,Oldham Athletic,300000,GB4,2020,200000.0
857,David Stockdale,FC Stevenage,300000,GB4,2020,150000.0
858,David Stockdale,Wycombe Wanderers,500000,GB3,2019,150000.0
859,David Stockdale,Southend United,2000000,GB3,2018,150000.0
860,David Stockdale,Wycombe Wanderers,1000000,GB3,2018,150000.0
861,David Stockdale,Coventry City,1000000,GB3,2018,150000.0
863,Derick Osei,FC Walsall,250000,GB4,2020,250000.0
864,Brad Lyons,FC Morecambe,250000,GB4,2020,200000.0
865,Brad Lyons,Blackburn Rovers,-,GB2,2018,200000.0
871,Tom Davies,AFC Barrow,150000,GB4,2020,12000000.0
872,Odin Bailey,Forest Green Rovers,150000,GB4,2020,250000.0
873,Odin Bailey,Forest Green Rovers,150000,GB4,2019,250000.0
874,Kyle Taylor,Southend United,100000,GB4,2020,200000.0
875,Kyle Taylor,Forest Green Rovers,-,GB4,2019,200000.0
876,Ian Lawlor,Oldham Athletic,100000,GB4,2020,100000.0
877,Ian Lawlor,Scunthorpe United,100000,GB4,2019,100000.0
878,Jordan Green,Southend United,100000,GB4,2020,100000.0
879,Jordan Green,Newport County,100000,GB4,2019,100000.0
880,Tom Sang,Cheltenham Town,100000,GB4,2020,300000.0
883,Jake Taylor,Scunthorpe United,-,GB4,2020,200000.0
884,Jake Taylor,Port Vale FC,-,GB4,2019,200000.0
886,Alex Denny,FC Morecambe,-,GB4,2020,50000.0
887,Aji Alese,Cambridge United,-,GB4,2020,1000000.0
888,Aji Alese,Accrington Stanley,-,GB3,2019,1000000.0
889,Oladapo Afolayan,Bolton Wanderers,-,GB4,2020,600000.0
890,Oladapo Afolayan,Mansfield Town,-,GB4,2019,600000.0
891,Oladapo Afolayan,Oldham Athletic,-,GB4,2018,600000.0
893,Nya Kirby,Tranmere Rovers,-,GB4,2020,300000.0
894,Nya Kirby,FC Blackpool,-,GB3,2018,300000.0
895,Austin Samuels,Bradford City,-,GB4,2020,175000.0
896,Terry Taylor,Grimsby Town,-,GB4,2020,250000.0
897,Jayden Richardson,Forest Green Rovers,-,GB4,2020,400000.0
898,Jayden Richardson,Exeter City,-,GB4,2019,400000.0
901,Tom McGill,Crawley Town,-,GB4,2020,200000.0
902,Tom McGill,Crawley Town,-,GB4,2019,200000.0
903,Hélder Costa,Leeds United,15000000,GB2,2019,3500000.0
904,Jean-Kévin Augustin,Leeds United,14000000,GB2,2019,1500000.0
905,Terence Kongolo,FC Fulham,12000000,GB2,2019,900000.0
906,Bobby De Cordova-Reid,FC Fulham,10000000,GB2,2019,7000000.0
907,Eddie Nketiah,Leeds United,8000000,GB2,2019,18000000.0
908,Adama Diakhaby,Nottingham Forest,8000000,GB2,2019,800000.0
909,Callum Robinson,West Bromwich Albion,7000000,GB2,2019,5000000.0
910,Jacob Murphy,Sheffield Wednesday,6000000,GB2,2019,10000000.0
911,Illan Meslier,Leeds United,5000000,GB2,2019,22000000.0
912,Grady Diangana,West Bromwich Albion,5000000,GB2,2019,6000000.0
913,Markus Henriksen,Bristol City,5000000,GB2,2019,1000000.0
914,Jonas Lössl,Huddersfield Town,5000000,GB2,2019,600000.0
915,James Chester,Stoke City,4000000,GB2,2019,500000.0
916,Pelé,FC Reading,4000000,GB2,2019,800000.0
917,Pelé,FC Reading,4000000,GB2,2019,1000000.0
918,Pelé,Nottingham Forest,6000000,GB2,2018,800000.0
919,Pelé,Nottingham Forest,6000000,GB2,2018,1000000.0
920,Harold Moukoudi,FC Middlesbrough,4000000,GB2,2019,4000000.0
921,Nahki Wells,Queens Park Rangers,4000000,GB2,2019,1200000.0
922,Nahki Wells,Queens Park Rangers,4000000,GB2,2018,1200000.0
923,Rhian Brewster,Swansea City,4000000,GB2,2019,5000000.0
924,Albert Adomah,Cardiff City,3000000,GB2,2019,250000.0
925,Tosin Adarabioyo,Blackburn Rovers,3000000,GB2,2019,18000000.0
926,Tosin Adarabioyo,West Bromwich Albion,1000000,GB2,2018,18000000.0
927,Greg Cunningham,Blackburn Rovers,3000000,GB2,2019,350000.0
928,Rafa Mir,Nottingham Forest,3000000,GB2,2019,12000000.0
929,Trevoh Chalobah,Huddersfield Town,3000000,GB2,2019,22000000.0
930,Trevoh Chalobah,Ipswich Town,-,GB2,2018,22000000.0
931,Matt Miazga,FC Reading,3000000,GB2,2019,2000000.0
932,Matt Miazga,FC Reading,3000000,GB2,2018,2000000.0
933,Kieran Dowell,Derby County,3000000,GB2,2019,2200000.0
934,Kieran Dowell,Wigan Athletic,3000000,GB2,2019,2200000.0
935,Kieran Dowell,Sheffield United,3000000,GB2,2018,2200000.0
936,Emile Smith Rowe,Huddersfield Town,3000000,GB2,2019,38000000.0
937,Aiden McGeady,Charlton Athletic,2000000,GB2,2019,300000.0
938,Connor Wickham,Sheffield Wednesday,2000000,GB2,2019,800000.0
939,Andy King,Huddersfield Town,2000000,GB2,2019,300000.0
940,Andy King,Derby County,3000000,GB2,2018,300000.0
941,Alessio Da Cruz,Sheffield Wednesday,2000000,GB2,2019,1500000.0
942,Conor Gallagher,Swansea City,2000000,GB2,2019,32000000.0
943,Conor Gallagher,Charlton Athletic,-,GB2,2019,32000000.0
944,Jan Mlakar,Wigan Athletic,2000000,GB2,2019,2300000.0
945,Jan Mlakar,Queens Park Rangers,2000000,GB2,2019,2300000.0
946,Andre Green,Charlton Athletic,2000000,GB2,2019,750000.0
947,Andre Green,Preston North End,2000000,GB2,2019,750000.0
948,Andre Green,FC Portsmouth,1000000,GB3,2018,750000.0
950,Pedro Pereira,Bristol City,2000000,GB2,2019,2000000.0
951,Josh Windass,Sheffield Wednesday,2000000,GB2,2019,600000.0
952,Arijanet Muric,Nottingham Forest,2000000,GB2,2019,4000000.0
953,David Bates,Sheffield Wednesday,2000000,GB2,2019,650000.0
954,Harrison Reed,FC Fulham,2000000,GB2,2019,15000000.0
955,Harrison Reed,Blackburn Rovers,1000000,GB2,2018,15000000.0
956,Lucas Boyé,FC Reading,1000000,GB2,2019,8000000.0
957,Chris Willock,West Bromwich Albion,1000000,GB2,2019,6000000.0
958,Chris Willock,Huddersfield Town,1000000,GB2,2019,6000000.0
959,Ben Wilmot,Swansea City,1000000,GB2,2019,6000000.0
960,Leon Balogun,Wigan Athletic,1000000,GB2,2019,400000.0
961,Beram Kayal,Charlton Athletic,1000000,GB2,2019,300000.0
962,John Bostock,Nottingham Forest,1000000,GB2,2019,400000.0
963,Jefferson Montero,Birmingham City,1000000,GB2,2019,250000.0
964,Jefferson Montero,West Bromwich Albion,1000000,GB2,2018,250000.0
965,James Bree,Luton Town,1000000,GB2,2019,3000000.0
966,James Bree,Ipswich Town,1000000,GB2,2018,3000000.0
967,Josh Cullen,Charlton Athletic,1000000,GB2,2019,7000000.0
968,Josh Cullen,Charlton Athletic,1000000,GB3,2018,7000000.0
970,Brad Smith,Cardiff City,1000000,GB2,2019,1000000.0
971,Rushian Hepburn-Murphy,Derby County,1000000,GB2,2019,200000.0
972,Rushian Hepburn-Murphy,Tranmere Rovers,1000000,GB3,2019,200000.0
973,Rushian Hepburn-Murphy,Cambridge United,1000000,GB4,2018,200000.0
974,Ovie Ejaria,FC Reading,900000,GB2,2019,3000000.0
975,Ovie Ejaria,FC Reading,900000,GB2,2018,3000000.0
976,Ravel Morrison,FC Middlesbrough,750000,GB2,2019,500000.0
977,Aldo Kalulu,Swansea City,750000,GB2,2019,1500000.0
978,Ayub Masika,FC Reading,650000,GB2,2019,400000.0
979,João Virgínia,FC Reading,500000,GB2,2019,1000000.0
980,Ben Hamer,Derby County,500000,GB2,2019,250000.0
982,Bright Enobakhare,Wigan Athletic,500000,GB2,2019,200000.0
983,Bright Enobakhare,Coventry City,500000,GB3,2018,200000.0
986,Kamil Grabara,Huddersfield Town,400000,GB2,2019,5000000.0
987,Kilian Ludewig,FC Barnsley,300000,GB2,2019,500000.0
989,Luke Amos,Queens Park Rangers,100000,GB2,2019,500000.0
990,Alexandru Dobre,Wigan Athletic,100000,GB2,2019,1200000.0
991,Alexandru Dobre,Yeovil Town,100000,GB4,2018,1200000.0
992,Moha Ramos,Birmingham City,50000,GB2,2019,25000.0
993,Ben White,Leeds United,-,GB2,2019,45000000.0
994,Ben White,Peterborough United,-,GB3,2018,45000000.0
995,Sam Surridge,Swansea City,-,GB2,2019,3500000.0
996,Sam Surridge,Oldham Athletic,-,GB4,2018,3500000.0
997,Luke Bolton,Luton Town,-,GB2,2019,2000000.0
998,Luke Bolton,Wycombe Wanderers,-,GB3,2018,2000000.0
999,Rocky Bushiri,FC Blackpool,1000000,GB3,2019,400000.0
1000,Liam Bridcutt,Lincoln City,1000000,GB3,2019,250000.0
1001,Liam Bridcutt,Bolton Wanderers,1000000,GB3,2019,250000.0
1002,Cameron Borthwick-Jackson,Tranmere Rovers,1000000,GB3,2019,300000.0
1003,Cameron Borthwick-Jackson,Oldham Athletic,1000000,GB4,2019,300000.0
1004,Cameron Borthwick-Jackson,Scunthorpe United,3000000,GB3,2018,300000.0
1007,Ross McCrorie,FC Portsmouth,1000000,GB3,2019,750000.0
1008,James Husband,FC Blackpool,1000000,GB3,2019,600000.0
1009,James Husband,Fleetwood Town,1000000,GB3,2018,600000.0
1010,Marc McNulty,AFC Sunderland,1000000,GB3,2019,500000.0
1011,Laurens De Bock,AFC Sunderland,1000000,GB3,2019,600000.0
1012,Luke Garbutt,Ipswich Town,750000,GB3,2019,300000.0
1013,Luke Garbutt,Oxford United,1000000,GB3,2018,300000.0
1014,Marcus Browne,Oxford United,750000,GB3,2019,300000.0
1015,Marcus Browne,Oxford United,250000,GB3,2018,300000.0
1016,Chris Cadden,Oxford United,700000,GB3,2019,650000.0
1017,Conor McAleny,Shrewsbury Town,500000,GB3,2019,400000.0
1018,Connor Ronan,FC Blackpool,500000,GB3,2019,800000.0
1019,Connor Ronan,FC Walsall,250000,GB3,2018,800000.0
1020,Rolando Aarons,Wycombe Wanderers,500000,GB3,2019,300000.0
1021,Rolando Aarons,Sheffield Wednesday,500000,GB2,2018,300000.0
1022,Marc Bola,FC Blackpool,500000,GB3,2019,1800000.0
1023,Ben Heneghan,FC Blackpool,500000,GB3,2019,300000.0
1024,Ben Heneghan,FC Blackpool,400000,GB3,2018,300000.0
1025,Antoine Semenyo,AFC Sunderland,500000,GB3,2019,3000000.0
1026,Antoine Semenyo,Newport County,-,GB4,2018,3000000.0
1027,Jason McCarthy,Wycombe Wanderers,500000,GB3,2019,350000.0
1030,Cameron McGeehan,FC Portsmouth,500000,GB3,2019,600000.0
1031,Jordan Rossiter,Fleetwood Town,450000,GB3,2019,250000.0
1032,Jordan Rossiter,FC Bury,450000,GB4,2018,250000.0
1033,Jake Hastie,Rotherham United,450000,GB3,2019,250000.0
1034,Courtney Baker-Richardson,Accrington Stanley,350000,GB3,2019,300000.0
1035,Mads Bech Sörensen,AFC Wimbledon,350000,GB3,2019,4000000.0
1036,Jimmy Dunne,Fleetwood Town,300000,GB3,2019,2000000.0
1037,Jimmy Dunne,AFC Sunderland,300000,GB3,2018,2000000.0
1038,Josh Ginnelly,Bristol Rovers,250000,GB3,2019,500000.0
1039,Sean Raggett,FC Portsmouth,250000,GB3,2019,350000.0
1040,Sean Raggett,Rotherham United,250000,GB2,2018,350000.0
1041,Conor Shaughnessy,Burton Albion,250000,GB3,2019,250000.0
1042,Conor Shaughnessy,Mansfield Town,250000,GB4,2019,250000.0
1043,Kean Bryan,Bolton Wanderers,250000,GB3,2019,900000.0
1045,Jordan Graham,FC Gillingham,250000,GB3,2019,300000.0
1046,Jordan Graham,Ipswich Town,500000,GB2,2018,300000.0
1047,Jordan Graham,Oxford United,500000,GB3,2018,300000.0
1048,Donervon Daniels,Doncaster Rovers,250000,GB3,2019,300000.0
1049,Jak Alnwick,FC Blackpool,250000,GB3,2019,400000.0
1050,Jak Alnwick,Scunthorpe United,250000,GB3,2018,400000.0
1051,Thibaud Verlinden,Bolton Wanderers,250000,GB3,2019,600000.0
1052,Kane Wilson,Tranmere Rovers,250000,GB3,2019,300000.0
1053,Kane Wilson,FC Walsall,250000,GB3,2018,300000.0
1054,Kane Wilson,Exeter City,250000,GB4,2018,300000.0
1055,Jason Lokilo,Doncaster Rovers,200000,GB3,2019,400000.0
1056,Harry Souttar,Fleetwood Town,200000,GB3,2019,6000000.0
1057,Harry Souttar,Fleetwood Town,200000,GB3,2018,6000000.0
1058,Seny Dieng,Doncaster Rovers,150000,GB3,2019,1500000.0
1059,Seny Dieng,FC Stevenage,100000,GB4,2018,1500000.0
1060,Jordan Roberts,FC Gillingham,150000,GB3,2019,300000.0
1061,Jordan Roberts,Lincoln City,100000,GB4,2018,300000.0
1062,Benny Ashley-Seal,Accrington Stanley,150000,GB3,2019,50000.0
1063,Patrik Gunnarsson,Southend United,150000,GB3,2019,700000.0
1064,Alfie Jones,FC Gillingham,100000,GB3,2019,1000000.0
1065,Callum Lang,Shrewsbury Town,100000,GB3,2019,1200000.0
1066,Callum Lang,Oldham Athletic,-,GB4,2018,1200000.0
1067,Alex Jakubiak,FC Gillingham,100000,GB3,2019,150000.0
1068,Alex Jakubiak,Bristol Rovers,100000,GB3,2018,150000.0
1069,Anthony Georgiou,Ipswich Town,50000,GB3,2019,300000.0
1070,Anthony Georgiou,Bolton Wanderers,50000,GB3,2019,300000.0
1071,Aaron Chapman,Tranmere Rovers,25000,GB3,2019,200000.0
1072,Ethan Hamilton,Southend United,-,GB3,2019,500000.0
1073,Ethan Hamilton,Bolton Wanderers,-,GB3,2019,500000.0
1074,Ethan Hamilton,AFC Rochdale,-,GB3,2018,500000.0
1075,Layton Ndukwu,Southend United,-,GB3,2019,100000.0
1076,Robert Sánchez,AFC Rochdale,-,GB3,2019,32000000.0
1077,Robert Sánchez,Forest Green Rovers,-,GB4,2018,32000000.0
1079,Dan Barlaser,Rotherham United,-,GB3,2019,2000000.0
1080,Dan Barlaser,Accrington Stanley,-,GB3,2018,2000000.0
1081,Nathan Trott,AFC Wimbledon,-,GB3,2019,400000.0
1082,Jacob Ramsey,Doncaster Rovers,-,GB3,2019,28000000.0
1083,Ísak Snaer Thorvaldsson,Fleetwood Town,-,GB3,2019,300000.0
1086,Max Sanders,AFC Wimbledon,-,GB3,2019,200000.0
1089,Eoin Doyle,Swindon Town,650000,GB4,2019,300000.0
1090,Zak Rudden,Plymouth Argyle,400000,GB4,2019,300000.0
1091,Glenn Middleton,Bradford City,400000,GB4,2019,500000.0
1092,Jack Baldwin,Salford City,400000,GB4,2019,450000.0
1094,Gavin Reilly,Cheltenham Town,350000,GB4,2019,150000.0
1095,Nathan Thomas,Carlisle United,250000,GB4,2019,200000.0
1096,Nathan Thomas,Notts County,250000,GB4,2018,200000.0
1097,Nathan Thomas,Carlisle United,250000,GB4,2018,200000.0
1099,Theo Robinson,Colchester United,200000,GB4,2019,200000.0
1100,Theo Robinson,Colchester United,200000,GB4,2019,200000.0
1101,Theo Robinson,Swindon Town,200000,GB4,2018,200000.0
1103,Ryan Inniss,Newport County,150000,GB4,2019,150000.0
1104,Jake Jervis,Salford City,150000,GB4,2019,250000.0
1105,Jake Jervis,AFC Wimbledon,150000,GB3,2018,250000.0
1106,Jack Rose,FC Walsall,100000,GB4,2019,100000.0
1107,Gregor Zabret,Oldham Athletic,75000,GB4,2019,75000.0
1109,Cameron Burgess,Salford City,-,GB4,2019,500000.0
1111,Mason Bloomfield,Crawley Town,-,GB4,2019,250000.0
1113,Lloyd Jones,Northampton Town,-,GB4,2019,200000.0
1114,Lloyd Jones,Plymouth Argyle,100000,GB3,2018,200000.0
1117,Josh Benson,Grimsby Town,-,GB4,2019,300000.0
1118,Liam Gibson,Grimsby Town,-,GB4,2019,150000.0
1119,Liam Gibson,Accrington Stanley,-,GB3,2018,150000.0
1122,Jake Doyle-Hayes,Cheltenham Town,-,GB4,2019,500000.0
1123,Jake Doyle-Hayes,Cambridge United,-,GB4,2018,500000.0
1125,Dylan Connolly,Bradford City,-,GB4,2019,300000.0
1127,Danny McNamara,Newport County,-,GB4,2019,1800000.0
1129,Tammy Abraham,Aston Villa,10000000,GB2,2018,45000000.0
1130,Tom Carroll,Aston Villa,7000000,GB2,2018,1500000.0
1131,Mason Holgate,West Bromwich Albion,7000000,GB2,2018,16000000.0
1132,Jordan Rhodes,Norwich City,6000000,GB2,2018,400000.0
1133,Lewis Baker,Leeds United,5000000,GB2,2018,3000000.0
1134,Lewis Baker,FC Reading,5000000,GB2,2018,3000000.0
1135,Léo Bonatini,Nottingham Forest,5000000,GB2,2018,500000.0
1136,Tomas Kalas,Bristol City,5000000,GB2,2018,1800000.0
1138,Muhamed Besic,FC Middlesbrough,5000000,GB2,2018,1200000.0
1139,Nélson Oliveira,FC Reading,5000000,GB2,2018,1500000.0
1140,Rajiv van La Parra,FC Middlesbrough,4000000,GB2,2018,300000.0
1141,Gary Madine,Sheffield United,4000000,GB2,2018,400000.0
1142,Sam Byram,Nottingham Forest,4000000,GB2,2018,2000000.0
1143,Yanic Wildschut,Bolton Wanderers,4000000,GB2,2018,400000.0
1144,Mason Mount,Derby County,4000000,GB2,2018,75000000.0
1145,Jack Colback,Nottingham Forest,3000000,GB2,2018,800000.0
1146,Tyrone Mings,Aston Villa,3000000,GB2,2018,25000000.0
1147,Jack Harrison,Leeds United,3000000,GB2,2018,25000000.0
1148,Chris Martin,Hull City,3000000,GB2,2018,300000.0
1149,Saidy Janko,Nottingham Forest,3000000,GB2,2018,1000000.0
1150,Josh Onomah,Sheffield Wednesday,3000000,GB2,2018,2500000.0
1151,Oliver Norwood,Sheffield United,3000000,GB2,2018,3000000.0
1152,Gil Dias,Nottingham Forest,3000000,GB2,2018,2000000.0
1153,Michael Hector,Sheffield Wednesday,3000000,GB2,2018,1700000.0
1154,Cuco Martina,Stoke City,2000000,GB2,2018,300000.0
1155,Tomer Hemed,Queens Park Rangers,2000000,GB2,2018,250000.0
1156,Geoff Cameron,Queens Park Rangers,2000000,GB2,2018,150000.0
1157,Diogo Gonçalves,Nottingham Forest,2000000,GB2,2018,5000000.0
1159,Marvin Johnson,Sheffield United,2000000,GB2,2018,450000.0
1163,Gary Gardner,Birmingham City,1000000,GB2,2018,800000.0
1164,Saeid Ezatolahi,FC Reading,1000000,GB2,2018,400000.0
1165,George Saville,FC Middlesbrough,1000000,GB2,2018,3000000.0
1166,Will Keane,Ipswich Town,1000000,GB2,2018,1500000.0
1168,Molla Wagué,Nottingham Forest,1000000,GB2,2018,250000.0
1169,Emiliano Martínez,FC Reading,1000000,GB2,2018,3500000.0
1170,Emiliano Martínez,FC Reading,1000000,GB2,2018,28000000.0
1171,André Moreira,Aston Villa,1000000,GB2,2018,1000000.0
1172,Fikayo Tomori,Derby County,1000000,GB2,2018,50000000.0
1173,Achraf Lazaar,Sheffield Wednesday,1000000,GB2,2018,300000.0
1174,Omar Bogle,Birmingham City,750000,GB2,2018,600000.0
1175,Omar Bogle,FC Portsmouth,500000,GB3,2018,600000.0
1176,Ben Amos,FC Millwall,750000,GB2,2018,350000.0
1177,Alex Pearce,FC Millwall,750000,GB2,2018,250000.0
1178,Leon Clarke,Wigan Athletic,750000,GB2,2018,300000.0
1179,Dan Burn,Wigan Athletic,750000,GB2,2018,12000000.0
1180,Antonee Robinson,Wigan Athletic,500000,GB2,2018,10000000.0
1181,Joe Williams,Bolton Wanderers,500000,GB2,2018,1200000.0
1182,Callum Elder,Ipswich Town,250000,GB2,2018,800000.0
1183,Connor Mahoney,Birmingham City,250000,GB2,2018,400000.0
1184,Dean Henderson,Sheffield United,250000,GB2,2018,22000000.0
1185,Harvey Barnes,West Bromwich Albion,250000,GB2,2018,32000000.0
1186,Richie Towell,Rotherham United,200000,GB2,2018,200000.0
1187,Remi Matthews,Bolton Wanderers,200000,GB2,2018,300000.0
1188,Marek Rodak,Rotherham United,100000,GB2,2018,3500000.0
1189,Zak Vyner,Rotherham United,100000,GB2,2018,2200000.0
1190,Christian Doidge,Bolton Wanderers,-,GB2,2018,500000.0
1193,Joe Mason,FC Portsmouth,1000000,GB3,2018,250000.0
1195,Jerome Sinclair,Oxford United,1000000,GB3,2018,250000.0
1196,Jerome Sinclair,AFC Sunderland,1000000,GB3,2018,250000.0
1198,Jason Cummings,Peterborough United,800000,GB3,2018,900000.0
1199,Jason Cummings,Luton Town,800000,GB3,2018,900000.0
1200,Stephen Henderson,Wycombe Wanderers,750000,GB3,2018,300000.0
1201,Leonardo Lopes,FC Gillingham,750000,GB3,2018,2000000.0
1202,Stuart O'Keefe,Plymouth Argyle,750000,GB3,2018,400000.0
1203,Jason Holt,Fleetwood Town,750000,GB3,2018,450000.0
1204,Lewis Morgan,AFC Sunderland,750000,GB3,2018,6000000.0
1205,Cauley Woodrow,FC Barnsley,750000,GB3,2018,1500000.0
1206,Ahmed Kashi,Oxford United,700000,GB3,2018,300000.0
1207,Greg Docherty,Shrewsbury Town,600000,GB3,2018,900000.0
1208,Danny Lafferty,Peterborough United,500000,GB3,2018,50000.0
1209,Devante Cole,Burton Albion,500000,GB3,2018,600000.0
1210,Chris Maxwell,Charlton Athletic,500000,GB3,2018,300000.0
1211,Aaron Ramsdale,AFC Wimbledon,500000,GB3,2018,30000000.0
1215,George Thomas,Scunthorpe United,500000,GB3,2018,400000.0
1216,Connor Randall,AFC Rochdale,500000,GB3,2018,450000.0
1218,Joel Coleman,Shrewsbury Town,500000,GB3,2018,300000.0
1219,Charlie Colkett,Shrewsbury Town,400000,GB3,2018,300000.0
1220,Graham Burke,FC Gillingham,350000,GB3,2018,275000.0
1221,Billy King,FC Gillingham,350000,GB3,2018,150000.0
1222,Jack Payne,Bradford City,350000,GB3,2018,350000.0
1224,Joseph Dodoo,FC Blackpool,250000,GB3,2018,350000.0
1225,Stephen Humphrys,Scunthorpe United,250000,GB3,2018,700000.0
1226,Viv Solomon-Otabor,FC Portsmouth,250000,GB3,2018,300000.0
1227,Andy Lonergan,AFC Rochdale,250000,GB3,2018,200000.0
1228,Iké Ugbo,Scunthorpe United,250000,GB3,2018,4000000.0
1229,Ben Purrington,Charlton Athletic,250000,GB3,2018,450000.0
1230,Ben Purrington,AFC Wimbledon,250000,GB3,2018,450000.0
1231,Mike-Steven Bähre,FC Barnsley,250000,GB3,2018,175000.0
1232,Ethan Ebanks-Landell,AFC Rochdale,250000,GB3,2018,250000.0
1233,Oscar Threlkeld,Plymouth Argyle,200000,GB3,2018,200000.0
1235,Jorge Grant,Luton Town,100000,GB3,2018,375000.0
1236,Jorge Grant,Mansfield Town,100000,GB4,2018,375000.0
1237,Lloyd Isgrove,FC Portsmouth,-,GB3,2018,200000.0
1238,Connor Ogilvie,FC Gillingham,-,GB3,2018,350000.0
1239,Christian,Fleetwood Town,-,GB3,2018,75000.0
1240,Tyrese Campbell,Shrewsbury Town,-,GB3,2018,3000000.0
1241,Harry Burgoyne,Plymouth Argyle,-,GB3,2018,150000.0
1243,Lewis O'Brien,Bradford City,-,GB3,2018,8000000.0
1245,Jack Fitzwater,FC Walsall,-,GB3,2018,600000.0
1246,Jack Fitzwater,FC Walsall,-,GB3,2018,600000.0
1247,Corey Blackett-Taylor,FC Walsall,-,GB3,2018,300000.0
1248,Sherwin Seedorf,Bradford City,-,GB3,2018,300000.0
1249,Jordan Lyden,Oldham Athletic,500000,GB4,2018,400000.0
1250,Mark O'Hara,Lincoln City,450000,GB4,2018,500000.0
1252,Aaron Taylor-Sinclair,Crewe Alexandra,250000,GB4,2018,50000.0
1253,Rob Milsom,Notts County,250000,GB4,2018,250000.0
1254,Ryan Sweeney,Mansfield Town,250000,GB4,2018,400000.0
1255,Matty Willock,Crawley Town,250000,GB4,2018,250000.0
1257,Gethin Jones,Mansfield Town,250000,GB4,2018,300000.0
1258,Jordan Tillson,Cheltenham Town,150000,GB4,2018,350000.0
1259,Rhys Healey,Milton Keynes Dons,150000,GB4,2018,3000000.0
1260,Kristian Dennis,Grimsby Town,100000,GB4,2018,350000.0
1261,Joe Maguire,Crawley Town,100000,GB4,2018,100000.0
1263,Callum Roberts,Colchester United,75000,GB4,2018,100000.0
1264,Enes Mahmutovic,Yeovil Town,75000,GB4,2018,250000.0
1265,Jamie Sterry,Crewe Alexandra,75000,GB4,2018,75000.0
1266,Fiacre Kelleher,Macclesfield Town FC,50000,GB4,2018,50000.0
1267,Luke Hendrie,Grimsby Town,-,GB4,2018,250000.0
1268,Regan Poole,Newport County,-,GB4,2018,400000.0
1269,Ben Hall,Notts County,-,GB4,2018,50000.0
1271,George Cox,Northampton Town,-,GB4,2018,900000.0
1272,Dara O'Shea,Exeter City,-,GB4,2018,4000000.0
1276,Joe Powell,Northampton Town,-,GB4,2018,500000.0
1277,Alex Iacovitti,Oldham Athletic,-,GB4,2018,400000.0
1279,Vashon Neufville,Newport County,-,GB4,2018,125000.0
1280,Shamal George,Tranmere Rovers,-,GB4,2018,300000.0
1282,Steven Alzate,Swindon Town,-,GB4,2018,4500000.0
1283,Moses Makasi,FC Stevenage,-,GB4,2018,200000.0
1284,Bernard Mensah,Lincoln City,-,GB4,2018,2500000.0
1285,Harry McKirdy,Newport County,-,GB4,2018,125000.0
1286,Sam Stubbs,Notts County,-,GB4,2018,250000.0
1287,Nathan McGinley,Forest Green Rovers,-,GB4,2018,375000.0
