name,loaning_club,player_value_in_moment_of_transfer,league,year,market_value_in_eur
Amad Diallo,AFC Sunderland,"15,00 mln €",GB2,2022,7000000.0
Marquinhos,Norwich City,"10,00 mln €",GB2,2022,70000000.0
Cameron Archer,FC Middlesbrough,"8,00 mln €",GB2,2022,8000000.0
Cameron Archer,Preston North End,500 tys. €,GB2,2021,8000000.0
Tyler Roberts,Queens Park Rangers,"8,00 mln €",GB2,2022,4000000.0
Isaac Hayden,Norwich City,"8,00 mln €",GB2,2022,5000000.0
Joe Gelhardt,AFC Sunderland,"8,00 mln €",GB2,2022,8000000.0
Liam Delap,Preston North End,"7,00 mln €",GB2,2022,7000000.0
Liam Delap,Stoke City,"1,50 mln €",GB2,2022,7000000.0
Taylor Harwood-Bellis,FC Burnley,"7,00 mln €",GB2,2022,13000000.0
Taylor Harwood-Bellis,Stoke City,"3,00 mln €",GB2,2021,13000000.0
Taylor Harwood-Bellis,Blackburn Rovers,"2,30 mln €",GB2,2020,13000000.0
Zack Steffen,FC Middlesbrough,"6,00 mln €",GB2,2022,4500000.0
Axel Tuanzebe,Stoke City,"6,00 mln €",GB2,2022,6000000.0
Axel Tuanzebe,Aston Villa,"1,00 mln €",GB2,2018,6000000.0
Ian Maatsen,FC Burnley,"5,00 mln €",GB2,2022,9000000.0
Ian Maatsen,Coventry City,-,GB2,2021,9000000.0
Ian Maatsen,Charlton Athletic,-,GB3,2020,9000000.0
Marvelous Nakamba,Luton Town,"5,00 mln €",GB2,2022,5000000.0
Ethan Laird,Queens Park Rangers,"5,00 mln €",GB2,2022,5000000.0
Ethan Laird,AFC Bournemouth,"5,00 mln €",GB2,2021,5000000.0
Ethan Laird,Swansea City,"1,80 mln €",GB2,2021,5000000.0
Ethan Laird,Milton Keynes Dons,"1,80 mln €",GB3,2020,5000000.0
Jeff Hendrick,FC Reading,"5,00 mln €",GB2,2022,2500000.0
Jeff Hendrick,Queens Park Rangers,"7,00 mln €",GB2,2021,2500000.0
Aaron Connolly,Hull City,"5,00 mln €",GB2,2022,5000000.0
Aaron Connolly,FC Middlesbrough,"7,00 mln €",GB2,2021,5000000.0
Aaron Connolly,Luton Town,-,GB3,2018,5000000.0
Henrique Araújo,FC Watford,"5,00 mln €",GB2,2022,5000000.0
Troy Parrott,Preston North End,"5,00 mln €",GB2,2022,4000000.0
Troy Parrott,Milton Keynes Dons,"3,60 mln €",GB3,2021,4000000.0
Troy Parrott,FC Millwall,"3,60 mln €",GB2,2020,4000000.0
Troy Parrott,Ipswich Town,"3,60 mln €",GB3,2020,4000000.0
Jordan Beyer,FC Burnley,"4,50 mln €",GB2,2022,4000000.0
Dimitrios Pelkas,Hull City,"4,50 mln €",GB2,2022,3500000.0
Mamadou Loum,FC Reading,"4,00 mln €",GB2,2022,3500000.0
Ki-Jana Hoever,Stoke City,"4,00 mln €",GB2,2022,4000000.0
Kortney Hause,FC Watford,"4,00 mln €",GB2,2022,2800000.0
Kortney Hause,Aston Villa,"1,00 mln €",GB2,2018,2800000.0
Krystian Bielik,Birmingham City,"4,00 mln €",GB2,2022,3000000.0
Krystian Bielik,Charlton Athletic,"2,00 mln €",GB3,2018,3000000.0
Michael Obafemi,FC Burnley,"4,00 mln €",GB2,2022,4000000.0
Hamza Choudhury,FC Watford,"4,00 mln €",GB2,2022,5000000.0
Hassane Kamara,FC Watford,"4,00 mln €",GB2,2022,6000000.0
Rhys Williams,FC Blackpool,"4,00 mln €",GB2,2022,3000000.0
Rhys Williams,Swansea City,"5,00 mln €",GB2,2021,3000000.0
Tino Anjorin,Huddersfield Town,"3,00 mln €",GB2,2022,2500000.0
Tino Anjorin,Huddersfield Town,"3,00 mln €",GB2,2021,2500000.0
James McAtee,Sheffield United,"3,00 mln €",GB2,2022,5000000.0
Halil Dervisoglu,FC Burnley,"3,00 mln €",GB2,2022,2500000.0
Charlie Cresswell,FC Millwall,"3,00 mln €",GB2,2022,5000000.0
Cody Drameh,Luton Town,"3,00 mln €",GB2,2022,3000000.0
Cody Drameh,Cardiff City,"1,00 mln €",GB2,2021,3000000.0
Tyler Morton,Blackburn Rovers,"3,00 mln €",GB2,2022,5000000.0
Edouard Michut,AFC Sunderland,"3,00 mln €",GB2,2022,2500000.0
Jaden Philogene,Cardiff City,"3,00 mln €",GB2,2022,2500000.0
Jaden Philogene,Stoke City,500 tys. €,GB2,2021,2500000.0
Ryan Giles,FC Middlesbrough,"3,00 mln €",GB2,2022,6000000.0
Ryan Giles,Blackburn Rovers,"2,00 mln €",GB2,2021,6000000.0
Ryan Giles,Cardiff City,"1,30 mln €",GB2,2021,6000000.0
Ryan Giles,Rotherham United,"1,30 mln €",GB2,2020,6000000.0
Ryan Giles,Coventry City,-,GB2,2020,6000000.0
Ryan Giles,Coventry City,-,GB3,2019,6000000.0
Ryan Giles,Shrewsbury Town,-,GB3,2019,6000000.0
Oliver Burke,FC Millwall,"3,00 mln €",GB2,2022,3000000.0
Oliver Burke,FC Millwall,"5,00 mln €",GB2,2021,3000000.0
Bersant Celina,Stoke City,"3,00 mln €",GB2,2022,3000000.0
Bersant Celina,Ipswich Town,"3,00 mln €",GB3,2021,3000000.0
Aaron Ramsey,FC Middlesbrough,"3,00 mln €",GB2,2022,3000000.0
Aaron Ramsey,FC Middlesbrough,"3,00 mln €",GB2,2022,3000000.0
Aaron Ramsey,Norwich City,"1,00 mln €",GB2,2022,3000000.0
Aaron Ramsey,Norwich City,"1,00 mln €",GB2,2022,3000000.0
Aaron Ramsey,Cheltenham Town,"1,00 mln €",GB3,2021,3000000.0
Aaron Ramsey,Cheltenham Town,"1,00 mln €",GB3,2021,3000000.0
Jamie Shackleton,FC Millwall,"2,50 mln €",GB2,2022,2500000.0
Jonathan Panzo,Coventry City,"2,50 mln €",GB2,2022,3000000.0
Tommy Doyle,Sheffield United,"2,50 mln €",GB2,2022,4000000.0
Tommy Doyle,Cardiff City,"1,00 mln €",GB2,2021,4000000.0
Tim Iroegbunam,Queens Park Rangers,"2,50 mln €",GB2,2022,3000000.0
Sory Kaba,Cardiff City,"2,50 mln €",GB2,2022,2500000.0
Keinan Davis,FC Watford,"2,50 mln €",GB2,2022,3000000.0
Keinan Davis,Nottingham Forest,"3,00 mln €",GB2,2021,3000000.0
Niels Nkounkou,Cardiff City,"2,20 mln €",GB2,2022,2500000.0
Abdul-Rahman Baba,FC Reading,"2,20 mln €",GB2,2022,1800000.0
Abdul-Rahman Baba,FC Reading,"2,50 mln €",GB2,2021,1800000.0
Tariqe Fosu,Stoke City,"2,00 mln €",GB2,2022,2000000.0
Tariqe Fosu,Rotherham United,"2,00 mln €",GB2,2022,2000000.0
Ian Poveda,FC Blackpool,"2,00 mln €",GB2,2022,1000000.0
Ian Poveda,Blackburn Rovers,"1,50 mln €",GB2,2021,1000000.0
Álvaro Fernandez,Preston North End,"2,00 mln €",GB2,2022,2500000.0
Marc Albrighton,West Bromwich Albion,"2,00 mln €",GB2,2022,2000000.0
Matija Sarkic,Stoke City,"2,00 mln €",GB2,2022,2000000.0
Matija Sarkic,Birmingham City,100 tys. €,GB2,2021,2000000.0
Matija Sarkic,Shrewsbury Town,100 tys. €,GB3,2020,2000000.0
Charlie Patino,FC Blackpool,"2,00 mln €",GB2,2022,3500000.0
Will Smallbone,Stoke City,"2,00 mln €",GB2,2022,2200000.0
Karl Darlow,Hull City,"1,80 mln €",GB2,2022,1800000.0
Nathan Tella,FC Burnley,"1,80 mln €",GB2,2022,4500000.0
Domingos Quina,Rotherham United,"1,80 mln €",GB2,2022,1800000.0
Domingos Quina,FC Fulham,"3,00 mln €",GB2,2021,1800000.0
Domingos Quina,FC Barnsley,"2,50 mln €",GB2,2021,1800000.0
Ciaran Clark,Sheffield United,"1,80 mln €",GB2,2022,700000.0
Przemyslaw Placheta,Birmingham City,"1,80 mln €",GB2,2022,2000000.0
Danel Sinani,Wigan Athletic,"1,50 mln €",GB2,2022,1500000.0
Danel Sinani,Huddersfield Town,550 tys. €,GB2,2021,1500000.0
Gavin Kilkenny,Stoke City,"1,50 mln €",GB2,2022,700000.0
Gavin Kilkenny,Charlton Athletic,700 tys. €,GB3,2022,700000.0
Ashley Fletcher,Wigan Athletic,"1,20 mln €",GB2,2022,1000000.0
Anthony Knockaert,Huddersfield Town,"1,20 mln €",GB2,2022,1200000.0
Anthony Knockaert,Nottingham Forest,"5,00 mln €",GB2,2020,1200000.0
Grant Hall,Rotherham United,"1,00 mln €",GB2,2022,900000.0
Clinton Mola,Blackburn Rovers,"1,00 mln €",GB2,2022,800000.0
Cesare Casadei,FC Reading,"1,00 mln €",GB2,2022,1000000.0
Theo Corbeanu,FC Blackpool,"1,00 mln €",GB2,2022,1500000.0
Theo Corbeanu,Milton Keynes Dons,"1,00 mln €",GB3,2021,1500000.0
Theo Corbeanu,Sheffield Wednesday,500 tys. €,GB3,2021,1500000.0
Dujon Sterling,Stoke City,"1,00 mln €",GB2,2022,800000.0
Dujon Sterling,FC Blackpool,900 tys. €,GB2,2021,800000.0
Dujon Sterling,Wigan Athletic,-,GB2,2019,800000.0
Dujon Sterling,Coventry City,-,GB3,2018,800000.0
Conor Coventry,Rotherham United,"1,00 mln €",GB2,2022,1000000.0
Conor Coventry,Peterborough United,200 tys. €,GB2,2021,1000000.0
Conor Coventry,Milton Keynes Dons,300 tys. €,GB3,2021,1000000.0
Conor Coventry,Lincoln City,-,GB3,2019,1000000.0
Reda Khadra,Birmingham City,"1,00 mln €",GB2,2022,1000000.0
Reda Khadra,Sheffield United,"1,00 mln €",GB2,2022,1000000.0
Reda Khadra,Blackburn Rovers,150 tys. €,GB2,2021,1000000.0
Josh Wilson-Esbrand,Coventry City,"1,00 mln €",GB2,2022,1000000.0
Luke Cundle,Swansea City,800 tys. €,GB2,2022,1000000.0
Miguel Azeez,Wigan Athletic,800 tys. €,GB2,2022,800000.0
Miguel Azeez,FC Portsmouth,500 tys. €,GB3,2021,800000.0
George Hirst,Blackburn Rovers,800 tys. €,GB2,2022,800000.0
George Hirst,Ipswich Town,800 tys. €,GB3,2022,800000.0
George Hirst,FC Portsmouth,800 tys. €,GB3,2021,800000.0
George Hirst,Rotherham United,450 tys. €,GB2,2020,800000.0
Cédric Kipré,Cardiff City,800 tys. €,GB2,2022,1500000.0
Ethan Horvath,Luton Town,800 tys. €,GB2,2022,1000000.0
Leo Fuhr Hjelde,Rotherham United,800 tys. €,GB2,2022,800000.0
Omar Rekik,Wigan Athletic,800 tys. €,GB2,2022,800000.0
Charlie Goode,FC Blackpool,800 tys. €,GB2,2022,800000.0
Charlie Goode,Sheffield United,"1,00 mln €",GB2,2021,800000.0
Charlie Goode,Northampton Town,100 tys. €,GB4,2018,800000.0
Ellis Simms,AFC Sunderland,600 tys. €,GB2,2022,1200000.0
Ellis Simms,FC Blackpool,-,GB3,2020,1200000.0
Luke Mbete,Huddersfield Town,600 tys. €,GB2,2022,2000000.0
Luke Mbete,Bolton Wanderers,"2,00 mln €",GB3,2022,2000000.0
Dion Sanderson,Birmingham City,600 tys. €,GB2,2022,3000000.0
Dion Sanderson,Queens Park Rangers,300 tys. €,GB2,2021,3000000.0
Dion Sanderson,Birmingham City,150 tys. €,GB2,2021,3000000.0
Dion Sanderson,AFC Sunderland,150 tys. €,GB3,2020,3000000.0
Dion Sanderson,Cardiff City,-,GB2,2019,3000000.0
Nathan Broadhead,Wigan Athletic,500 tys. €,GB2,2022,500000.0
Nathan Broadhead,AFC Sunderland,500 tys. €,GB3,2021,500000.0
Nathan Broadhead,Burton Albion,-,GB3,2019,500000.0
Joseph Hungbo,Huddersfield Town,450 tys. €,GB2,2022,450000.0
Taylor Richards,Queens Park Rangers,400 tys. €,GB2,2022,400000.0
Taylor Richards,Birmingham City,400 tys. €,GB2,2021,400000.0
Taylor Richards,Doncaster Rovers,-,GB3,2020,400000.0
Harvey Vale,Hull City,400 tys. €,GB2,2022,2000000.0
Fin Stevens,Swansea City,400 tys. €,GB2,2022,400000.0
Matthew Lowton,Huddersfield Town,400 tys. €,GB2,2022,400000.0
Harry Clarke,Stoke City,350 tys. €,GB2,2022,600000.0
Harry Clarke,Oldham Athletic,-,GB4,2020,600000.0
Matthew Sorinola,Swansea City,350 tys. €,GB2,2022,800000.0
Kaine Kesler-Hayden,Huddersfield Town,300 tys. €,GB2,2022,1500000.0
Kaine Kesler-Hayden,Milton Keynes Dons,250 tys. €,GB3,2021,1500000.0
Kaine Kesler-Hayden,Swindon Town,250 tys. €,GB4,2021,1500000.0
Xavier Simons,Hull City,300 tys. €,GB2,2022,500000.0
Martyn Waghorn,Huddersfield Town,300 tys. €,GB2,2022,300000.0
Emmanuel Longelo,Birmingham City,150 tys. €,GB2,2022,800000.0
Salah-Eddine Oulad M'Hand,Hull City,-,GB2,2022,800000.0
Tayo Adaramola,Coventry City,-,GB2,2022,1500000.0
Armstrong Oko-Flex,Swansea City,-,GB2,2022,500000.0
Shola Shoretire,Bolton Wanderers,"4,00 mln €",GB3,2022,4000000.0
Di'Shon Bernard,FC Portsmouth,"3,50 mln €",GB3,2022,3500000.0
Di'Shon Bernard,Hull City,"1,00 mln €",GB2,2021,3500000.0
Di'Shon Bernard,Salford City,"1,00 mln €",GB4,2020,3500000.0
Tom Edwards,FC Barnsley,"2,00 mln €",GB3,2022,2000000.0
Tom Edwards,Fleetwood Town,"1,20 mln €",GB3,2020,2000000.0
Steven Sessegnon,Charlton Athletic,"1,50 mln €",GB3,2022,700000.0
Steven Sessegnon,Plymouth Argyle,"1,50 mln €",GB3,2021,700000.0
Steven Sessegnon,Bristol City,"2,30 mln €",GB2,2020,700000.0
Dan N'Lundulu,Cheltenham Town,"1,20 mln €",GB3,2022,1200000.0
Dan N'Lundulu,Bolton Wanderers,"1,20 mln €",GB3,2022,1200000.0
Dan N'Lundulu,Lincoln City,"1,50 mln €",GB3,2021,1200000.0
Dan N'Lundulu,Cheltenham Town,"1,50 mln €",GB3,2021,1200000.0
Myles Peart-Harris,Forest Green Rovers,"1,00 mln €",GB3,2022,1000000.0
Dynel Simeu,FC Morecambe,"1,00 mln €",GB3,2022,1000000.0
Dynel Simeu,Tranmere Rovers,"1,00 mln €",GB4,2022,1000000.0
Dynel Simeu,Carlisle United,"1,00 mln €",GB4,2021,1000000.0
Lewis Bate,Oxford United,"1,00 mln €",GB3,2022,1000000.0
Louie Barry,Milton Keynes Dons,"1,00 mln €",GB3,2022,1000000.0
Louie Barry,Salford City,"1,00 mln €",GB4,2022,1000000.0
Louie Barry,Ipswich Town,"1,00 mln €",GB3,2021,1000000.0
Louie Barry,Swindon Town,"1,00 mln €",GB4,2021,1000000.0
Conor Bradley,Bolton Wanderers,"1,00 mln €",GB3,2022,1000000.0
Sam Cosgrove,Plymouth Argyle,"1,00 mln €",GB3,2022,1000000.0
Sam Cosgrove,Shrewsbury Town,"1,50 mln €",GB3,2021,1000000.0
Sam Cosgrove,AFC Wimbledon,"1,50 mln €",GB3,2021,1000000.0
Tashan Oakley-Boothe,Lincoln City,900 tys. €,GB3,2022,450000.0
Taylor Moore,Shrewsbury Town,800 tys. €,GB3,2022,600000.0
Taylor Moore,FC Blackpool,"1,00 mln €",GB3,2019,600000.0
Taylor Moore,Southend United,500 tys. €,GB3,2018,600000.0
Henry Lawrence,Milton Keynes Dons,800 tys. €,GB3,2022,800000.0
Henry Lawrence,AFC Wimbledon,-,GB3,2021,800000.0
Tyreece John-Jules,Ipswich Town,800 tys. €,GB3,2022,800000.0
Tyreece John-Jules,FC Blackpool,-,GB2,2021,800000.0
Tyreece John-Jules,Sheffield Wednesday,700 tys. €,GB3,2021,800000.0
Tyreece John-Jules,Doncaster Rovers,-,GB3,2020,800000.0
Tyreece John-Jules,Lincoln City,-,GB3,2019,800000.0
Rekeem Harper,Exeter City,800 tys. €,GB3,2022,800000.0
Rekeem Harper,Crewe Alexandra,"2,50 mln €",GB3,2021,800000.0
Rekeem Harper,Birmingham City,"2,30 mln €",GB2,2020,800000.0
Josh Martin,FC Barnsley,800 tys. €,GB3,2022,800000.0
Josh Martin,Milton Keynes Dons,"1,00 mln €",GB3,2021,800000.0
Josh Martin,Doncaster Rovers,"1,00 mln €",GB3,2021,800000.0
Slobodan Tedic,FC Barnsley,750 tys. €,GB3,2022,750000.0
Alex Mighten,Sheffield Wednesday,600 tys. €,GB3,2022,600000.0
Luke Plange,Lincoln City,600 tys. €,GB3,2022,600000.0
Luke Plange,Derby County,-,GB2,2021,600000.0
Harvey White,Derby County,600 tys. €,GB3,2022,600000.0
Harvey White,FC Portsmouth,-,GB3,2020,600000.0
Reece James,Sheffield Wednesday,600 tys. €,GB3,2022,600000.0
Reece James,Sheffield Wednesday,600 tys. €,GB3,2022,70000000.0
Reece James,Wigan Athletic,-,GB2,2018,600000.0
Reece James,Wigan Athletic,-,GB2,2018,70000000.0
Charlie Savage,Forest Green Rovers,600 tys. €,GB3,2022,600000.0
Jesurun Rak-Sakyi,Charlton Athletic,500 tys. €,GB3,2022,500000.0
Liam McCarron,Port Vale FC,500 tys. €,GB3,2022,500000.0
Haydon Roberts,Derby County,500 tys. €,GB3,2022,500000.0
Haydon Roberts,AFC Rochdale,-,GB3,2020,500000.0
Lewis Gibson,Bristol Rovers,500 tys. €,GB3,2022,500000.0
Lewis Gibson,Sheffield Wednesday,500 tys. €,GB3,2021,500000.0
Lewis Gibson,FC Reading,-,GB2,2020,500000.0
Lewis Gibson,Fleetwood Town,-,GB3,2019,500000.0
Chem Campbell,Wycombe Wanderers,500 tys. €,GB3,2022,500000.0
Luke Southwood,Cheltenham Town,500 tys. €,GB3,2022,500000.0
Tyler Onyango,Forest Green Rovers,450 tys. €,GB3,2022,450000.0
Tyler Onyango,Burton Albion,200 tys. €,GB3,2022,450000.0
Owen Beck,Bolton Wanderers,400 tys. €,GB3,2022,400000.0
Bali Mumba,Plymouth Argyle,400 tys. €,GB3,2022,400000.0
Bali Mumba,Peterborough United,500 tys. €,GB2,2021,400000.0
Todd Kane,Charlton Athletic,400 tys. €,GB3,2022,400000.0
Todd Kane,Hull City,"1,25 mln €",GB2,2018,400000.0
Julien Da Costa,Shrewsbury Town,300 tys. €,GB3,2022,300000.0
Liam Shaw,FC Morecambe,300 tys. €,GB3,2022,300000.0
Lewis Dobbin,Derby County,300 tys. €,GB3,2022,300000.0
Mipo Odubeko,Port Vale FC,300 tys. €,GB3,2022,300000.0
Mipo Odubeko,Huddersfield Town,250 tys. €,GB2,2021,300000.0
Mipo Odubeko,Doncaster Rovers,300 tys. €,GB3,2021,300000.0
Nigel Lonwijk,Plymouth Argyle,300 tys. €,GB3,2022,300000.0
Matt Macey,FC Portsmouth,300 tys. €,GB3,2022,300000.0
Matt Macey,Plymouth Argyle,500 tys. €,GB3,2018,300000.0
Lamare Bogarde,Bristol Rovers,300 tys. €,GB3,2022,300000.0
Jamie Cumming,Milton Keynes Dons,300 tys. €,GB3,2022,900000.0
Jamie Cumming,Milton Keynes Dons,300 tys. €,GB3,2021,900000.0
Jamie Cumming,FC Gillingham,300 tys. €,GB3,2021,900000.0
Jamie Cumming,FC Stevenage,450 tys. €,GB4,2020,900000.0
Conor McGrandles,Cambridge United,300 tys. €,GB3,2022,300000.0
Ellery Balcombe,Bristol Rovers,300 tys. €,GB3,2022,300000.0
Ellery Balcombe,Crawley Town,300 tys. €,GB4,2022,300000.0
Ellery Balcombe,Burton Albion,300 tys. €,GB3,2021,300000.0
Ellery Balcombe,Doncaster Rovers,300 tys. €,GB3,2020,300000.0
Oliver Casey,Forest Green Rovers,250 tys. €,GB3,2022,250000.0
Caleb Taylor,Cheltenham Town,250 tys. €,GB3,2022,250000.0
Caleb Watts,FC Morecambe,250 tys. €,GB3,2022,250000.0
Caleb Watts,Crawley Town,250 tys. €,GB4,2021,250000.0
Dane Scarlett,FC Portsmouth,250 tys. €,GB3,2022,2000000.0
Sylvester Jasper,Bristol Rovers,250 tys. €,GB3,2022,250000.0
Sylvester Jasper,Colchester United,250 tys. €,GB4,2021,250000.0
Christian Marques,Forest Green Rovers,200 tys. €,GB3,2022,200000.0
Luke McGee,Derby County,200 tys. €,GB3,2022,200000.0
Luke McGee,Bradford City,100 tys. €,GB4,2019,200000.0
Viljami Sinisalo,Burton Albion,200 tys. €,GB3,2022,200000.0
Jakub Stolarczyk,Fleetwood Town,200 tys. €,GB3,2022,200000.0
Jakub Stolarczyk,Hartlepool United,200 tys. €,GB4,2022,200000.0
Paris Maghoma,Milton Keynes Dons,200 tys. €,GB3,2022,200000.0
Paris Maghoma,AFC Wimbledon,200 tys. €,GB4,2022,200000.0
Will Norris,Peterborough United,200 tys. €,GB3,2022,200000.0
Will Norris,Ipswich Town,250 tys. €,GB3,2019,200000.0
Bobby Thomas,Bristol Rovers,150 tys. €,GB3,2022,150000.0
Bobby Thomas,FC Barnsley,150 tys. €,GB3,2022,150000.0
Bobby Thomas,AFC Barrow,200 tys. €,GB4,2020,150000.0
Jensen Weir,FC Morecambe,150 tys. €,GB3,2022,350000.0
Jensen Weir,Cambridge United,150 tys. €,GB3,2021,350000.0
Kgaogelo Chauke,Exeter City,150 tys. €,GB3,2022,250000.0
Harry Boyes,Lincoln City,100 tys. €,GB3,2022,100000.0
Harry Boyes,Forest Green Rovers,-,GB3,2022,100000.0
Thierry Small,Port Vale FC,100 tys. €,GB3,2022,1000000.0
Joseph Anang,Derby County,100 tys. €,GB3,2022,100000.0
Joseph Anang,FC Stevenage,-,GB4,2021,100000.0
Harry Smith,Exeter City,50 tys. €,GB3,2022,50000.0
Christian Saydee,Shrewsbury Town,50 tys. €,GB3,2022,50000.0
Christian Saydee,Burton Albion,50 tys. €,GB3,2021,50000.0
Lukas Jensen,Accrington Stanley,50 tys. €,GB3,2022,200000.0
Lukas Jensen,Carlisle United,25 tys. €,GB4,2021,200000.0
Lukas Jensen,Bolton Wanderers,25 tys. €,GB4,2020,200000.0
William Osula,Derby County,-,GB3,2022,
Lucas Bergström,Peterborough United,-,GB3,2022,250000.0
Daniel Oyegoke,Milton Keynes Dons,-,GB3,2022,500000.0
Robert Street,Shrewsbury Town,-,GB3,2022,
Robert Street,Newport County,-,GB4,2021,
Ryan Astley,Accrington Stanley,-,GB3,2022,600000.0
Jarell Quansah,Bristol Rovers,-,GB3,2022,
Taylor Perry,Cheltenham Town,-,GB3,2022,300000.0
Taylor Perry,Cheltenham Town,-,GB3,2021,300000.0
Joe White,Exeter City,-,GB3,2022,
Joe White,Hartlepool United,-,GB4,2021,
Tony Springett,Derby County,-,GB3,2022,
Kell Watts,Peterborough United,-,GB3,2022,
Kell Watts,Wigan Athletic,-,GB3,2021,
Kell Watts,Plymouth Argyle,-,GB3,2020,
Kell Watts,FC Stevenage,-,GB4,2019,
Kell Watts,Mansfield Town,-,GB4,2019,
Matty Longstaff,Colchester United,"1,80 mln €",GB4,2022,1800000.0
Matty Longstaff,Mansfield Town,"2,50 mln €",GB4,2021,1800000.0
Arthur Okonkwo,Crewe Alexandra,"1,50 mln €",GB4,2022,1500000.0
Ethan Galbraith,Salford City,800 tys. €,GB4,2022,800000.0
Ethan Galbraith,Doncaster Rovers,900 tys. €,GB3,2021,800000.0
Ryan Schofield,Crawley Town,500 tys. €,GB4,2022,500000.0
Ryan Schofield,Notts County,100 tys. €,GB4,2018,500000.0
Adam Lewis,Newport County,500 tys. €,GB4,2022,500000.0
Adam Lewis,Plymouth Argyle,500 tys. €,GB3,2020,500000.0
Daryl Horgan,FC Stevenage,450 tys. €,GB4,2022,450000.0
D'Mani Mellor,AFC Rochdale,450 tys. €,GB4,2022,450000.0
D'Mani Mellor,Salford City,-,GB4,2021,450000.0
Dean Campbell,FC Stevenage,425 tys. €,GB4,2022,425000.0
Jamie McCart,Leyton Orient,400 tys. €,GB4,2022,400000.0
Logan Chalmers,Tranmere Rovers,375 tys. €,GB4,2022,375000.0
Josh Eppiah,Northampton Town,350 tys. €,GB4,2022,350000.0
Josh Eppiah,Northampton Town,350 tys. €,GB4,2021,350000.0
Teddy Jenks,Crawley Town,325 tys. €,GB4,2022,325000.0
Jack Hamilton,Hartlepool United,325 tys. €,GB4,2022,325000.0
Jack Hamilton,Hartlepool United,325 tys. €,GB4,2022,300000.0
Marc Leonard,Northampton Town,300 tys. €,GB4,2022,300000.0
Dan Kemp,Hartlepool United,300 tys. €,GB4,2022,300000.0
Dan Kemp,FC Blackpool,-,GB3,2020,300000.0
Dan Kemp,FC Stevenage,-,GB4,2019,300000.0
Kasey McAteer,AFC Wimbledon,300 tys. €,GB4,2022,300000.0
Kasey McAteer,Forest Green Rovers,300 tys. €,GB4,2021,300000.0
Max Woltman,Doncaster Rovers,300 tys. €,GB4,2022,300000.0
Danny Johnson,FC Walsall,300 tys. €,GB4,2022,300000.0
Dara Costelloe,Bradford City,300 tys. €,GB4,2022,300000.0
Ashley Maynard-Brewer,FC Gillingham,300 tys. €,GB4,2022,300000.0
Conor Masterson,FC Gillingham,300 tys. €,GB4,2022,300000.0
Conor Masterson,Cambridge United,300 tys. €,GB3,2021,300000.0
Conor Masterson,FC Gillingham,300 tys. €,GB3,2021,300000.0
Conor Masterson,Swindon Town,300 tys. €,GB3,2020,300000.0
Regan Hendry,Tranmere Rovers,300 tys. €,GB4,2022,300000.0
Kieran Sadlier,Leyton Orient,300 tys. €,GB4,2022,300000.0
Matty Daly,Harrogate Town,250 tys. €,GB4,2022,250000.0
Matty Daly,Hartlepool United,250 tys. €,GB4,2021,250000.0
Matty Daly,Bradford City,250 tys. €,GB4,2021,250000.0
Charlie Lakin,Doncaster Rovers,250 tys. €,GB4,2022,250000.0
Charlie Lakin,FC Stevenage,100 tys. €,GB4,2019,250000.0
Dion Pereira,Bradford City,250 tys. €,GB4,2022,250000.0
Dion Pereira,Bradford City,300 tys. €,GB4,2021,250000.0
Daniel Adshead,AFC Rochdale,250 tys. €,GB4,2022,250000.0
Daniel Adshead,FC Gillingham,200 tys. €,GB3,2021,250000.0
Dan Chesters,Colchester United,250 tys. €,GB4,2022,250000.0
Scott Banks,Bradford City,250 tys. €,GB4,2022,250000.0
Josh Reid,FC Stevenage,250 tys. €,GB4,2022,250000.0
Kazeem Olaigbe,Harrogate Town,225 tys. €,GB4,2022,225000.0
Caleb Chukwuemeka,Crawley Town,200 tys. €,GB4,2022,200000.0
Lewis Richardson,Grimsby Town,200 tys. €,GB4,2022,200000.0
Aaron Rowe,Stockport County,200 tys. €,GB4,2022,200000.0
Ed Turns,Leyton Orient,200 tys. €,GB4,2022,200000.0
Rayhaan Tulloch,AFC Rochdale,200 tys. €,GB4,2022,200000.0
Rayhaan Tulloch,Doncaster Rovers,-,GB3,2020,200000.0
Kwesi Appiah,Colchester United,200 tys. €,GB4,2022,200000.0
Jonathan Tomkinson,FC Stevenage,150 tys. €,GB4,2022,150000.0
Hayden Lindley,Newport County,150 tys. €,GB4,2022,150000.0
Jack Jenkins,Salford City,150 tys. €,GB4,2022,150000.0
Femi Seriki,AFC Rochdale,150 tys. €,GB4,2022,150000.0
Ryan Finnigan,Crewe Alexandra,150 tys. €,GB4,2022,150000.0
Jack Spong,Crawley Town,150 tys. €,GB4,2022,150000.0
Tolaji Bola,Bradford City,150 tys. €,GB4,2022,150000.0
Tolaji Bola,AFC Rochdale,-,GB3,2020,150000.0
Jake Eastwood,AFC Rochdale,100 tys. €,GB4,2022,100000.0
Jake Eastwood,FC Portsmouth,100 tys. €,GB3,2021,100000.0
Jake Eastwood,Grimsby Town,100 tys. €,GB4,2020,100000.0
Jake Eastwood,Scunthorpe United,100 tys. €,GB4,2019,100000.0
Yann Songo'o,FC Walsall,100 tys. €,GB4,2022,100000.0
Thomas Dickson-Peters,Grimsby Town,100 tys. €,GB4,2022,100000.0
Thomas Dickson-Peters,FC Gillingham,100 tys. €,GB3,2021,100000.0
James Brown,Doncaster Rovers,100 tys. €,GB4,2022,325000.0
James Brown,Stockport County,100 tys. €,GB4,2022,325000.0
James Brown,Lincoln City,150 tys. €,GB4,2018,325000.0
Khanya Leshabela,Crewe Alexandra,100 tys. €,GB4,2022,100000.0
Khanya Leshabela,Shrewsbury Town,100 tys. €,GB3,2021,100000.0
Vitezslav Jaros,Stockport County,100 tys. €,GB4,2022,100000.0
Stephen Duke-McKenna,Leyton Orient,50 tys. €,GB4,2022,50000.0
Cieran Slicker,AFC Rochdale,-,GB4,2022,
Ben Nelson,AFC Rochdale,-,GB4,2022,
Ben Nelson,Doncaster Rovers,-,GB4,2022,
Alfie McCalmont,Carlisle United,-,GB4,2022,
Alfie McCalmont,FC Morecambe,-,GB3,2021,
Alfie McCalmont,Oldham Athletic,-,GB4,2020,
Nathan Young-Coombes,AFC Wimbledon,-,GB4,2022,
Mazeed Ogungbo,Crawley Town,-,GB4,2022,
Owen Dodgson,AFC Rochdale,-,GB4,2022,
James Balagizi,Crawley Town,-,GB4,2022,
Jack Robinson,Carlisle United,-,GB4,2022,700000.0
Ben Barclay,Carlisle United,-,GB4,2022,
Ben Barclay,Notts County,-,GB4,2018,
Lewis Richards,Harrogate Town,-,GB4,2022,
Lewis Richards,Harrogate Town,-,GB4,2021,
John-Kymani Gordon,Carlisle United,-,GB4,2022,
Todd Cantwell,AFC Bournemouth,"20,00 mln €",GB2,2021,8000000.0
Abdallah Sima,Stoke City,"11,00 mln €",GB2,2021,7000000.0
Freddie Woodman,AFC Bournemouth,"10,00 mln €",GB2,2021,6000000.0
Freddie Woodman,Swansea City,"3,20 mln €",GB2,2020,6000000.0
Freddie Woodman,Swansea City,500 tys. €,GB2,2019,6000000.0
Neco Williams,FC Fulham,"8,00 mln €",GB2,2021,18000000.0
Nathaniel Phillips,AFC Bournemouth,"8,00 mln €",GB2,2021,6000000.0
Filip Uremovic,Sheffield United,"7,00 mln €",GB2,2021,4000000.0
Morgan Gibbs-White,Sheffield United,"7,00 mln €",GB2,2021,25000000.0
Morgan Gibbs-White,Swansea City,"7,20 mln €",GB2,2020,25000000.0
Andraz Sporar,FC Middlesbrough,"5,00 mln €",GB2,2021,5000000.0
Hannes Wolf,Swansea City,"5,00 mln €",GB2,2021,4000000.0
Marcus Forss,Hull City,"4,50 mln €",GB2,2021,3000000.0
Marcus Forss,AFC Wimbledon,150 tys. €,GB3,2019,3000000.0
Andre Gray,Queens Park Rangers,"4,00 mln €",GB2,2021,2000000.0
Tahith Chong,Birmingham City,"4,00 mln €",GB2,2021,2500000.0
Josh Maja,Stoke City,"4,00 mln €",GB2,2021,4000000.0
Folarin Balogun,FC Middlesbrough,"4,00 mln €",GB2,2021,14000000.0
James Léa Siliki,FC Middlesbrough,"4,00 mln €",GB2,2021,1500000.0
James Garner,Nottingham Forest,"4,00 mln €",GB2,2021,14000000.0
James Garner,Nottingham Forest,"3,50 mln €",GB2,2020,14000000.0
James Garner,FC Watford,"2,70 mln €",GB2,2020,14000000.0
Deyovaisio Zeefuik,Blackburn Rovers,"3,50 mln €",GB2,2021,1500000.0
Liam Moore,Stoke City,"3,50 mln €",GB2,2021,1000000.0
Conor Hourihane,Sheffield United,"3,50 mln €",GB2,2021,1800000.0
Conor Hourihane,Swansea City,"6,00 mln €",GB2,2020,1800000.0
Sam McCallum,Queens Park Rangers,"3,50 mln €",GB2,2021,3000000.0
Sam McCallum,Coventry City,750 tys. €,GB2,2020,3000000.0
Sam McCallum,Coventry City,-,GB3,2019,3000000.0
Danny Drinkwater,FC Reading,"3,00 mln €",GB2,2021,700000.0
Allahyar Sayyadmanesh,Hull City,"3,00 mln €",GB2,2021,4000000.0
Robin Olsen,Sheffield United,"3,00 mln €",GB2,2021,2000000.0
Philip Zinckernagel,Nottingham Forest,"3,00 mln €",GB2,2021,3500000.0
Josh Murphy,Preston North End,"3,00 mln €",GB2,2021,1800000.0
Ben Davies,Sheffield United,"3,00 mln €",GB2,2021,2500000.0
Ben Davies,Sheffield United,"3,00 mln €",GB2,2021,20000000.0
Max Lowe,Nottingham Forest,"3,00 mln €",GB2,2021,2500000.0
Sheyi Ojo,FC Millwall,"3,00 mln €",GB2,2021,2000000.0
Sheyi Ojo,Cardiff City,"1,60 mln €",GB2,2020,2000000.0
Leo Östigard,Stoke City,"3,00 mln €",GB2,2021,7000000.0
Leo Östigard,Coventry City,"2,50 mln €",GB2,2020,7000000.0
Matt Clarke,West Bromwich Albion,"3,00 mln €",GB2,2021,4000000.0
Matt Clarke,Derby County,"2,00 mln €",GB2,2020,4000000.0
Matt Clarke,Derby County,200 tys. €,GB2,2019,4000000.0
Jan Paul van Hecke,Blackburn Rovers,"2,20 mln €",GB2,2021,5000000.0
Onel Hernández,FC Middlesbrough,"2,00 mln €",GB2,2021,1200000.0
Onel Hernández,Birmingham City,"1,50 mln €",GB2,2021,1200000.0
Romaine Sawyers,Stoke City,"2,00 mln €",GB2,2021,1200000.0
Jake Clarke-Salter,Coventry City,"2,00 mln €",GB2,2021,2500000.0
Jake Clarke-Salter,Birmingham City,"2,80 mln €",GB2,2020,2500000.0
Jake Clarke-Salter,Birmingham City,"2,00 mln €",GB2,2019,2500000.0
Djed Spence,Nottingham Forest,"2,00 mln €",GB2,2021,13000000.0
Teden Mengi,Birmingham City,"2,00 mln €",GB2,2021,2000000.0
Teden Mengi,Derby County,"1,00 mln €",GB2,2020,2000000.0
Jordan Hugill,West Bromwich Albion,"2,00 mln €",GB2,2021,900000.0
Jordan Hugill,Cardiff City,"1,80 mln €",GB2,2021,900000.0
Jordan Hugill,Queens Park Rangers,"6,00 mln €",GB2,2019,900000.0
Jordan Hugill,FC Middlesbrough,"8,00 mln €",GB2,2018,900000.0
Amine Bassi,FC Barnsley,"1,80 mln €",GB2,2021,1000000.0
Benik Afobe,FC Millwall,"1,80 mln €",GB2,2021,1800000.0
Benik Afobe,Bristol City,"8,00 mln €",GB2,2019,1800000.0
Benik Afobe,Stoke City,"10,00 mln €",GB2,2018,1800000.0
Luke Freeman,FC Millwall,"1,20 mln €",GB2,2021,900000.0
Luke Freeman,Nottingham Forest,"2,80 mln €",GB2,2020,900000.0
Jordi Osei-Tutu,Nottingham Forest,"1,20 mln €",GB2,2021,1500000.0
Jordi Osei-Tutu,Rotherham United,"1,20 mln €",GB3,2021,1500000.0
Jordi Osei-Tutu,Cardiff City,"1,00 mln €",GB2,2020,1500000.0
Hayden Coulson,Peterborough United,"1,20 mln €",GB2,2021,850000.0
Hayden Coulson,Ipswich Town,"1,20 mln €",GB3,2021,850000.0
Hayden Coulson,Cambridge United,100 tys. €,GB4,2018,850000.0
Daniel Iversen,Preston North End,"1,20 mln €",GB2,2021,2000000.0
Daniel Iversen,Preston North End,600 tys. €,GB2,2020,2000000.0
Daniel Iversen,Rotherham United,500 tys. €,GB3,2019,2000000.0
Daniel Iversen,Oldham Athletic,50 tys. €,GB4,2018,2000000.0
Matt Smith,Hull City,"1,00 mln €",GB2,2021,350000.0
Matt Smith,Doncaster Rovers,-,GB3,2021,350000.0
Matt Smith,Doncaster Rovers,900 tys. €,GB3,2020,350000.0
Matt Smith,Charlton Athletic,-,GB3,2020,350000.0
Matt Smith,Swindon Town,-,GB3,2020,350000.0
Matt Smith,Queens Park Rangers,"1,50 mln €",GB2,2019,350000.0
Matt Smith,Charlton Athletic,"1,50 mln €",GB2,2019,350000.0
Tom Ince,FC Reading,"1,00 mln €",GB2,2021,1500000.0
Tom Ince,Luton Town,"2,80 mln €",GB2,2020,1500000.0
Rémy Vita,FC Barnsley,"1,00 mln €",GB2,2021,800000.0
Jayson Molumby,West Bromwich Albion,"1,00 mln €",GB2,2021,1200000.0
Jayson Molumby,Preston North End,900 tys. €,GB2,2020,1200000.0
Jayson Molumby,FC Millwall,-,GB2,2019,1200000.0
Cyrus Christie,Swansea City,"1,00 mln €",GB2,2021,1200000.0
Cyrus Christie,Nottingham Forest,"1,60 mln €",GB2,2020,1200000.0
Uche Ikpeazu,Cardiff City,800 tys. €,GB2,2021,700000.0
Leif Davis,AFC Bournemouth,800 tys. €,GB2,2021,800000.0
Jed Steer,Luton Town,800 tys. €,GB2,2021,600000.0
Jed Steer,Charlton Athletic,500 tys. €,GB3,2018,600000.0
Lyle Taylor,Birmingham City,700 tys. €,GB2,2021,350000.0
Juan Familia-Castillo,Birmingham City,700 tys. €,GB2,2021,500000.0
Juan Familia-Castillo,Charlton Athletic,500 tys. €,GB3,2021,500000.0
Tom Dele-Bashiru,FC Reading,700 tys. €,GB2,2021,2000000.0
Karl Hein,FC Reading,450 tys. €,GB2,2021,1500000.0
Claudio Gomes,FC Barnsley,450 tys. €,GB2,2021,1300000.0
Finley Burns,Swansea City,300 tys. €,GB2,2021,300000.0
Nathan Baxter,Hull City,300 tys. €,GB2,2021,600000.0
Nathan Baxter,Accrington Stanley,75 tys. €,GB3,2020,600000.0
Nathan Baxter,Yeovil Town,-,GB4,2018,600000.0
Alex Palmer,Luton Town,250 tys. €,GB2,2021,500000.0
Alex Palmer,Lincoln City,-,GB3,2020,500000.0
Alex Palmer,Plymouth Argyle,-,GB4,2019,500000.0
Alex Palmer,Notts County,-,GB4,2018,500000.0
Alex Palmer,Oldham Athletic,-,GB4,2018,500000.0
Leighton Clarkson,Blackburn Rovers,150 tys. €,GB2,2021,800000.0
Ryan Longman,Hull City,-,GB2,2021,1500000.0
Ryan Longman,AFC Wimbledon,-,GB3,2020,1500000.0
Levi Colwill,Huddersfield Town,-,GB2,2021,10000000.0
Jack Clarke,AFC Sunderland,"5,00 mln €",GB3,2021,4000000.0
Jack Clarke,Stoke City,"5,40 mln €",GB2,2020,4000000.0
Jack Clarke,Queens Park Rangers,"6,00 mln €",GB2,2019,4000000.0
Jack Clarke,Leeds United,"6,00 mln €",GB2,2019,4000000.0
Harry Arter,Charlton Athletic,"2,00 mln €",GB3,2021,600000.0
Harry Arter,FC Fulham,"7,00 mln €",GB2,2019,600000.0
Leon Dajaku,AFC Sunderland,"1,80 mln €",GB3,2021,900000.0
Jonathan Leko,Charlton Athletic,"1,50 mln €",GB3,2021,600000.0
Jonathan Leko,Charlton Athletic,"1,00 mln €",GB2,2019,600000.0
Pontus Dahlberg,FC Gillingham,"1,20 mln €",GB3,2021,1000000.0
Pontus Dahlberg,Doncaster Rovers,"1,20 mln €",GB3,2021,1000000.0
Frederik Alves,AFC Sunderland,"1,00 mln €",GB3,2021,600000.0
Daniel Jebbison,Burton Albion,"1,00 mln €",GB3,2021,1000000.0
Bailey Peacock-Farrell,Sheffield Wednesday,"1,00 mln €",GB3,2021,900000.0
Dominic Thompson,Ipswich Town,800 tys. €,GB3,2021,1800000.0
Dominic Thompson,Swindon Town,400 tys. €,GB3,2020,1800000.0
Christian Walton,Ipswich Town,800 tys. €,GB3,2021,800000.0
Christian Walton,Blackburn Rovers,"1,00 mln €",GB2,2019,800000.0
Christian Walton,Wigan Athletic,250 tys. €,GB2,2018,800000.0
Herbie Kane,Oxford United,700 tys. €,GB3,2021,800000.0
Herbie Kane,Hull City,250 tys. €,GB2,2019,800000.0
Herbie Kane,Doncaster Rovers,-,GB3,2018,800000.0
Elliot Lee,Charlton Athletic,600 tys. €,GB3,2021,
Elliot Lee,Oxford United,900 tys. €,GB3,2020,
Ron-Thorben Hoffmann,AFC Sunderland,600 tys. €,GB3,2021,400000.0
Florian Kamberi,Sheffield Wednesday,550 tys. €,GB3,2021,450000.0
Jacob Maddox,Burton Albion,500 tys. €,GB3,2021,500000.0
Jacob Maddox,Tranmere Rovers,-,GB3,2019,500000.0
Jacob Maddox,Cheltenham Town,-,GB4,2018,500000.0
Ciaron Brown,Oxford United,400 tys. €,GB3,2021,300000.0
Ethan Robson,Milton Keynes Dons,400 tys. €,GB3,2021,300000.0
Ethan Robson,Grimsby Town,500 tys. €,GB4,2019,300000.0
Josh Harrop,Fleetwood Town,400 tys. €,GB3,2021,250000.0
Josh Harrop,Ipswich Town,700 tys. €,GB3,2020,250000.0
Trevor Carson,FC Morecambe,350 tys. €,GB3,2021,350000.0
Joel Mumbongo,Accrington Stanley,300 tys. €,GB3,2021,300000.0
Matej Kovar,Burton Albion,250 tys. €,GB3,2021,900000.0
Matej Kovar,Swindon Town,250 tys. €,GB3,2020,900000.0
Mattie Pollock,Cheltenham Town,250 tys. €,GB3,2021,300000.0
Kayne Ramsay,Crewe Alexandra,250 tys. €,GB3,2021,250000.0
Kayne Ramsay,Shrewsbury Town,-,GB3,2019,250000.0
Dapo Mebude,AFC Wimbledon,200 tys. €,GB3,2021,300000.0
Nile John,Charlton Athletic,200 tys. €,GB3,2021,400000.0
Marcel Lewis,Accrington Stanley,150 tys. €,GB3,2021,150000.0
Akin Famewo,Charlton Athletic,100 tys. €,GB3,2021,250000.0
Akin Famewo,Charlton Athletic,25 tys. €,GB3,2020,250000.0
Akin Famewo,Grimsby Town,25 tys. €,GB4,2018,250000.0
Zak Jules,Fleetwood Town,100 tys. €,GB3,2021,150000.0
Daniel Phillips,FC Gillingham,100 tys. €,GB3,2021,100000.0
Adam Phillips,FC Morecambe,75 tys. €,GB3,2021,150000.0
Adam Phillips,Accrington Stanley,75 tys. €,GB3,2020,150000.0
Adam Phillips,FC Morecambe,75 tys. €,GB4,2020,150000.0
Adam Phillips,FC Morecambe,75 tys. €,GB4,2019,150000.0
Josh McPake,FC Morecambe,75 tys. €,GB3,2021,125000.0
Josh McPake,Tranmere Rovers,75 tys. €,GB4,2021,125000.0
Josh McPake,Harrogate Town,75 tys. €,GB4,2020,125000.0
Marlon Fossey,Bolton Wanderers,-,GB3,2021,1000000.0
Marlon Fossey,Shrewsbury Town,-,GB3,2020,1000000.0
Archie Mair,Lincoln City,-,GB3,2021,
Ryan Edmondson,Fleetwood Town,-,GB3,2021,
Ryan Edmondson,Port Vale FC,-,GB4,2021,
Ryan Edmondson,Northampton Town,-,GB3,2020,
Sam Hughes,Burton Albion,-,GB3,2021,300000.0
Sam Hughes,Burton Albion,-,GB3,2020,300000.0
Sam Hughes,Salford City,-,GB4,2019,300000.0
Tiago Cukur,Doncaster Rovers,-,GB3,2021,250000.0
James Trafford,Accrington Stanley,-,GB3,2021,1000000.0
James Trafford,Bolton Wanderers,-,GB3,2021,1000000.0
Jack Young,Wycombe Wanderers,-,GB3,2021,250000.0
Jack Young,Tranmere Rovers,-,GB4,2020,250000.0
Gavin Bazunu,FC Portsmouth,-,GB3,2021,15000000.0
Gavin Bazunu,AFC Rochdale,-,GB3,2020,15000000.0
Ryan Alebiosu,Crewe Alexandra,-,GB3,2021,350000.0
J'Neil Bennett,Crewe Alexandra,-,GB3,2021,
Nathan Holland,Oxford United,-,GB3,2021,500000.0
Nathan Holland,Oxford United,-,GB3,2019,500000.0
Ben Knight,Crewe Alexandra,-,GB3,2021,300000.0
Jamie Soule,Cheltenham Town,-,GB3,2021,
Jamie Soule,Lincoln City,-,GB3,2020,
Scott Robertson,Crewe Alexandra,-,GB3,2021,
Scott Robertson,Crewe Alexandra,-,GB3,2021,150000.0
Scott Robertson,FC Gillingham,-,GB3,2020,
Scott Robertson,FC Gillingham,-,GB3,2020,150000.0
Scott Robertson,Doncaster Rovers,-,GB3,2020,
Scott Robertson,Doncaster Rovers,-,GB3,2020,150000.0
Luke Matheson,Scunthorpe United,600 tys. €,GB4,2021,600000.0
Luke Matheson,Ipswich Town,900 tys. €,GB3,2020,600000.0
Luke Matheson,AFC Rochdale,-,GB3,2019,600000.0
Jamie Murphy,Mansfield Town,550 tys. €,GB4,2021,450000.0
Jamie Murphy,Burton Albion,"1,00 mln €",GB3,2019,450000.0
Luke Thomas,Bristol Rovers,500 tys. €,GB4,2021,10000000.0
Luke Thomas,Ipswich Town,800 tys. €,GB3,2020,10000000.0
Luke Thomas,Coventry City,-,GB3,2018,10000000.0
Stephen Kelly,Salford City,400 tys. €,GB4,2021,
Stephen Kelly,Salford City,400 tys. €,GB4,2021,400000.0
Jamie Walker,Bradford City,400 tys. €,GB4,2021,
Jamie Walker,Bradford City,400 tys. €,GB4,2021,400000.0
Jamie Walker,Peterborough United,750 tys. €,GB3,2018,
Jamie Walker,Peterborough United,750 tys. €,GB3,2018,400000.0
Josh Pask,Newport County,300 tys. €,GB4,2021,100000.0
Nathan Bishop,Mansfield Town,300 tys. €,GB4,2021,300000.0
Ross Doohan,Tranmere Rovers,250 tys. €,GB4,2021,250000.0
Anthony Driscoll-Glennon,AFC Barrow,250 tys. €,GB4,2021,250000.0
Anthony Driscoll-Glennon,Grimsby Town,-,GB4,2019,250000.0
Nathan Delfouneso,Bradford City,250 tys. €,GB4,2021,250000.0
Tyler Magloire,Northampton Town,250 tys. €,GB4,2021,250000.0
Tyler Magloire,AFC Rochdale,-,GB3,2019,250000.0
Connor Ripley,Salford City,250 tys. €,GB4,2021,250000.0
Connor Ripley,Accrington Stanley,250 tys. €,GB3,2018,250000.0
George Broadbent,AFC Rochdale,200 tys. €,GB4,2021,
Elliot Anderson,Bristol Rovers,200 tys. €,GB4,2021,3500000.0
Richard Nartey,Mansfield Town,200 tys. €,GB4,2021,200000.0
Richard Nartey,Burton Albion,-,GB3,2019,200000.0
Reece Devine,FC Walsall,150 tys. €,GB4,2021,150000.0
Brad Young,Carlisle United,150 tys. €,GB4,2021,200000.0
Dominic Revan,Northampton Town,150 tys. €,GB4,2021,
Jeriel Dorsett,AFC Rochdale,150 tys. €,GB4,2021,250000.0
Jack Aitchison,Forest Green Rovers,100 tys. €,GB4,2021,200000.0
Jack Aitchison,FC Stevenage,-,GB4,2020,200000.0
Jack Aitchison,Forest Green Rovers,-,GB4,2019,200000.0
Max Melbourne,FC Stevenage,100 tys. €,GB4,2021,100000.0
Max Melbourne,FC Walsall,100 tys. €,GB4,2020,100000.0
Max Melbourne,Lincoln City,100 tys. €,GB3,2019,100000.0
Owura Edwards,Exeter City,100 tys. €,GB4,2021,350000.0
Owura Edwards,Colchester United,100 tys. €,GB4,2021,350000.0
Owura Edwards,Grimsby Town,-,GB4,2020,350000.0
Isaac Olaofe,Sutton United,75 tys. €,GB4,2021,150000.0
Jamie Bowden,Oldham Athletic,-,GB4,2021,
Jake Cain,Newport County,-,GB4,2021,200000.0
Kieran O'Hara,Scunthorpe United,-,GB4,2021,
Kieran O'Hara,Burton Albion,-,GB3,2019,
Kieran O'Hara,Macclesfield Town FC,-,GB4,2018,
Will Ferry,Crawley Town,-,GB4,2021,
Alex Mitchell,Leyton Orient,-,GB4,2021,275000.0
Cameron Coxe,Colchester United,-,GB4,2021,
Lewis Cass,Port Vale FC,-,GB4,2021,150000.0
Rabbi Matondo,Stoke City,"8,00 mln €",GB2,2020,3500000.0
Tomás Esteves,FC Reading,"8,00 mln €",GB2,2020,1300000.0
Oliver Skipp,Norwich City,"7,20 mln €",GB2,2020,15000000.0
Filip Benkovic,Cardiff City,"7,00 mln €",GB2,2020,1700000.0
Filip Benkovic,Bristol City,"9,00 mln €",GB2,2019,1700000.0
Alfie Mawson,Bristol City,"7,00 mln €",GB2,2020,2500000.0
Filip Krovinovic,Nottingham Forest,"6,50 mln €",GB2,2020,5000000.0
Filip Krovinovic,West Bromwich Albion,"5,00 mln €",GB2,2019,5000000.0
Yan Valery,Birmingham City,"6,30 mln €",GB2,2020,2500000.0
Anthony Gordon,Preston North End,"5,00 mln €",GB2,2020,40000000.0
Carel Eiting,Huddersfield Town,"4,50 mln €",GB2,2020,2000000.0
Harvey Elliott,Blackburn Rovers,"4,00 mln €",GB2,2020,35000000.0
Xavi Quintillà,Norwich City,"4,00 mln €",GB2,2020,1000000.0
Angus Gunn,Stoke City,"4,00 mln €",GB2,2020,3000000.0
Yannick Bolasie,FC Middlesbrough,"3,50 mln €",GB2,2020,275000.0
Yannick Bolasie,Aston Villa,"18,00 mln €",GB2,2018,275000.0
Kenneth Zohore,FC Millwall,"3,50 mln €",GB2,2020,700000.0
Saman Ghoddos,FC Brentford,"3,20 mln €",GB2,2020,2200000.0
Charlie Austin,Queens Park Rangers,"3,20 mln €",GB2,2020,800000.0
Shane Long,AFC Bournemouth,"2,80 mln €",GB2,2020,300000.0
Tom Trybull,Blackburn Rovers,"2,80 mln €",GB2,2020,800000.0
Patrick Roberts,FC Middlesbrough,"2,80 mln €",GB2,2020,1800000.0
Patrick Roberts,Derby County,"2,50 mln €",GB2,2020,1800000.0
Patrick Roberts,FC Middlesbrough,"3,50 mln €",GB2,2019,1800000.0
Marc Guéhi,Swansea City,"2,70 mln €",GB2,2020,35000000.0
Marc Guéhi,Swansea City,"1,50 mln €",GB2,2019,35000000.0
Rodrigo Riquelme,AFC Bournemouth,"2,30 mln €",GB2,2020,7500000.0
Barry Douglas,Blackburn Rovers,"2,00 mln €",GB2,2020,400000.0
Jarrad Branthwaite,Blackburn Rovers,"2,00 mln €",GB2,2020,3000000.0
Stefan Johansen,Queens Park Rangers,"2,00 mln €",GB2,2020,1000000.0
Stefan Johansen,West Bromwich Albion,"4,00 mln €",GB2,2018,1000000.0
Scott Malone,FC Millwall,"2,00 mln €",GB2,2020,1000000.0
Izzy Brown,Sheffield Wednesday,"2,00 mln €",GB2,2020,800000.0
Izzy Brown,Luton Town,"5,00 mln €",GB2,2019,800000.0
Izzy Brown,Leeds United,"5,00 mln €",GB2,2018,800000.0
Cameron Carter-Vickers,AFC Bournemouth,"2,00 mln €",GB2,2020,9500000.0
Cameron Carter-Vickers,Luton Town,"2,50 mln €",GB2,2019,9500000.0
Cameron Carter-Vickers,Stoke City,"1,50 mln €",GB2,2019,9500000.0
Cameron Carter-Vickers,Swansea City,"1,00 mln €",GB2,2018,9500000.0
Sepp van den Berg,Preston North End,"1,80 mln €",GB2,2020,5000000.0
Glenn Murray,FC Watford,"1,60 mln €",GB2,2020,
Jordy de Wijs,Queens Park Rangers,"1,60 mln €",GB2,2020,1200000.0
Alfa Semedo,FC Reading,"1,60 mln €",GB2,2020,1800000.0
Alfa Semedo,Nottingham Forest,"2,00 mln €",GB2,2019,1800000.0
Marcus Bettinelli,FC Middlesbrough,"1,60 mln €",GB2,2020,2000000.0
Liam Lindsay,Preston North End,"1,50 mln €",GB2,2020,1000000.0
Winston Reid,FC Brentford,"1,50 mln €",GB2,2020,400000.0
Beni Baningime,Derby County,"1,30 mln €",GB2,2020,1000000.0
Beni Baningime,Wigan Athletic,"2,50 mln €",GB2,2018,1000000.0
Matty James,Coventry City,"1,20 mln €",GB2,2020,900000.0
Matty James,FC Barnsley,"1,20 mln €",GB2,2020,900000.0
Kasey Palmer,Swansea City,"1,20 mln €",GB2,2020,900000.0
Kasey Palmer,Blackburn Rovers,"1,50 mln €",GB2,2018,900000.0
Kasey Palmer,Bristol City,"1,50 mln €",GB2,2018,900000.0
Neeskens Kebano,FC Middlesbrough,"1,20 mln €",GB2,2020,4000000.0
Florian Jozefzoon,Rotherham United,"1,20 mln €",GB2,2020,500000.0
Cafú,Nottingham Forest,"1,20 mln €",GB2,2020,600000.0
Viktor Gyökeres,Coventry City,"1,00 mln €",GB2,2020,5000000.0
Viktor Gyökeres,Swansea City,"1,00 mln €",GB2,2020,5000000.0
Sam Field,Queens Park Rangers,"1,00 mln €",GB2,2020,2200000.0
Sam Field,Charlton Athletic,"1,50 mln €",GB2,2019,2200000.0
Riley McGree,Birmingham City,900 tys. €,GB2,2020,2000000.0
George Edmundson,Derby County,500 tys. €,GB2,2020,500000.0
Rhys Norrington-Davies,Stoke City,500 tys. €,GB2,2020,3000000.0
Rhys Norrington-Davies,Luton Town,-,GB2,2020,3000000.0
Rhys Norrington-Davies,AFC Rochdale,-,GB3,2019,3000000.0
Joel Pereira,Huddersfield Town,475 tys. €,GB2,2020,2000000.0
Joel Pereira,Huddersfield Town,475 tys. €,GB2,2020,300000.0
Jamal Blackman,Rotherham United,400 tys. €,GB2,2020,500000.0
Jamal Blackman,Bristol Rovers,500 tys. €,GB3,2019,500000.0
Jamal Blackman,Leeds United,250 tys. €,GB2,2018,500000.0
Nnamdi Ofoborh,Wycombe Wanderers,250 tys. €,GB2,2020,400000.0
Nnamdi Ofoborh,Wycombe Wanderers,150 tys. €,GB3,2019,400000.0
Dennis Adeniran,Wycombe Wanderers,-,GB2,2020,700000.0
Kiernan Dewsbury-Hall,Luton Town,-,GB2,2020,20000000.0
Kiernan Dewsbury-Hall,FC Blackpool,-,GB3,2019,20000000.0
Josh Knight,Wycombe Wanderers,-,GB2,2020,600000.0
Josh Knight,Peterborough United,-,GB3,2019,600000.0
Josh Knight,Peterborough United,-,GB3,2018,600000.0
Ben Sheaf,Coventry City,-,GB2,2020,2500000.0
Ben Sheaf,Doncaster Rovers,-,GB3,2019,2500000.0
Ben Woodburn,FC Blackpool,"4,50 mln €",GB3,2020,1000000.0
Ben Woodburn,Oxford United,"5,00 mln €",GB3,2019,1000000.0
Ben Woodburn,Sheffield United,"5,00 mln €",GB2,2018,1000000.0
Josef Bursik,Lincoln City,"2,00 mln €",GB3,2020,2000000.0
Josef Bursik,Peterborough United,"2,00 mln €",GB3,2020,2000000.0
Josef Bursik,Doncaster Rovers,-,GB3,2020,2000000.0
Josef Bursik,Accrington Stanley,-,GB3,2019,2000000.0
Josh Sims,Doncaster Rovers,"1,60 mln €",GB3,2020,450000.0
Josh Sims,Doncaster Rovers,"1,60 mln €",GB3,2020,450000.0
Josh Sims,FC Reading,750 tys. €,GB2,2018,450000.0
Callum Connolly,Fleetwood Town,"1,60 mln €",GB3,2020,1200000.0
Callum Connolly,Lincoln City,"2,00 mln €",GB3,2019,1200000.0
Callum Connolly,Fleetwood Town,"2,00 mln €",GB3,2019,1200000.0
Callum Connolly,Bolton Wanderers,"2,00 mln €",GB2,2018,1200000.0
Callum Connolly,Wigan Athletic,"1,00 mln €",GB2,2018,1200000.0
George Byers,FC Portsmouth,"1,60 mln €",GB3,2020,450000.0
Dan Crowley,Hull City,"1,50 mln €",GB3,2020,600000.0
Keanan Bennetts,Ipswich Town,"1,30 mln €",GB3,2020,600000.0
Jayden Stockley,Charlton Athletic,900 tys. €,GB3,2020,900000.0
Matthew Pennington,Shrewsbury Town,800 tys. €,GB3,2020,600000.0
Matthew Pennington,Hull City,"1,00 mln €",GB2,2019,600000.0
Matthew Pennington,Ipswich Town,500 tys. €,GB2,2018,600000.0
Jan Zamburek,Shrewsbury Town,800 tys. €,GB3,2020,500000.0
Barrie McKay,Fleetwood Town,800 tys. €,GB3,2020,850000.0
Barrie McKay,Fleetwood Town,"1,00 mln €",GB3,2019,850000.0
Dylan Levitt,Charlton Athletic,675 tys. €,GB3,2020,850000.0
Rasmus Nicolaisen,FC Portsmouth,600 tys. €,GB3,2020,5000000.0
Jordan Jones,AFC Sunderland,600 tys. €,GB3,2020,500000.0
Mark Travers,Swindon Town,500 tys. €,GB3,2020,2000000.0
Brandon Barker,Oxford United,500 tys. €,GB3,2020,350000.0
Brandon Barker,Preston North End,400 tys. €,GB2,2018,350000.0
Erhun Öztümer,Bristol Rovers,400 tys. €,GB3,2020,400000.0
Andrew Shinnie,Charlton Athletic,400 tys. €,GB3,2020,400000.0
Funso Ojo,Wigan Athletic,400 tys. €,GB3,2020,450000.0
Janoi Donacien,Fleetwood Town,400 tys. €,GB3,2020,300000.0
Janoi Donacien,Ipswich Town,250 tys. €,GB2,2018,300000.0
Janoi Donacien,Accrington Stanley,750 tys. €,GB3,2018,300000.0
Matthew Millar,Shrewsbury Town,400 tys. €,GB3,2020,400000.0
Billy Jones,Crewe Alexandra,400 tys. €,GB3,2020,
Sean Clare,Burton Albion,350 tys. €,GB3,2020,400000.0
Antony Evans,Crewe Alexandra,350 tys. €,GB3,2020,400000.0
Antony Evans,FC Blackpool,-,GB3,2018,400000.0
Olly Lee,FC Gillingham,350 tys. €,GB3,2020,350000.0
Olly Lee,FC Gillingham,450 tys. €,GB3,2019,350000.0
Nathan Wood,Crewe Alexandra,300 tys. €,GB3,2020,1200000.0
Dejan Iliev,Shrewsbury Town,300 tys. €,GB3,2020,325000.0
Scott Wootton,Wigan Athletic,300 tys. €,GB3,2020,300000.0
Kyle Vassell,Fleetwood Town,300 tys. €,GB3,2020,350000.0
Marcus McGuane,Oxford United,300 tys. €,GB3,2020,300000.0
Luka Racic,Northampton Town,300 tys. €,GB3,2020,250000.0
Mickel Miller,Northampton Town,300 tys. €,GB3,2020,300000.0
Louis Thompson,Milton Keynes Dons,250 tys. €,GB3,2020,200000.0
Louis Thompson,Shrewsbury Town,250 tys. €,GB3,2019,200000.0
Louis Thompson,Milton Keynes Dons,250 tys. €,GB3,2019,200000.0
Joe Nuttall,Northampton Town,250 tys. €,GB3,2020,
Indiana Vassilev,Burton Albion,250 tys. €,GB3,2020,800000.0
Indiana Vassilev,Cheltenham Town,250 tys. €,GB4,2020,800000.0
Jake Vokins,AFC Sunderland,250 tys. €,GB3,2020,
Robbie Gotts,Lincoln City,250 tys. €,GB3,2020,250000.0
Robbie Gotts,Salford City,250 tys. €,GB4,2020,250000.0
George Johnston,Wigan Athletic,250 tys. €,GB3,2020,600000.0
Charlie Mulgrew,Fleetwood Town,250 tys. €,GB3,2020,300000.0
Charlie Mulgrew,Wigan Athletic,"1,00 mln €",GB2,2019,300000.0
Jordan Stevens,Swindon Town,200 tys. €,GB3,2020,200000.0
Jordan Stevens,Bradford City,200 tys. €,GB4,2020,200000.0
Tom James,Wigan Athletic,200 tys. €,GB3,2020,200000.0
Tom James,Salford City,200 tys. €,GB4,2020,200000.0
Carlton Morris,Milton Keynes Dons,150 tys. €,GB3,2020,2800000.0
Carlton Morris,Rotherham United,150 tys. €,GB3,2019,2800000.0
Carlton Morris,Milton Keynes Dons,150 tys. €,GB3,2019,2800000.0
Sam Walker,AFC Wimbledon,150 tys. €,GB3,2020,250000.0
Sam Walker,FC Blackpool,150 tys. €,GB3,2020,250000.0
Sam Woods,Plymouth Argyle,75 tys. €,GB3,2020,
Dillon Barnes,Burton Albion,50 tys. €,GB3,2020,150000.0
Callum Slattery,FC Gillingham,50 tys. €,GB3,2020,450000.0
George Dobson,AFC Wimbledon,-,GB3,2020,400000.0
Liam Kelly,Oxford United,-,GB3,2020,250000.0
Liam Kelly,Oxford United,-,GB3,2020,475000.0
Liam Kelly,Oxford United,-,GB3,2020,700000.0
Liam Kelly,Oxford United,600 tys. €,GB3,2019,250000.0
Liam Kelly,Oxford United,600 tys. €,GB3,2019,475000.0
Liam Kelly,Oxford United,600 tys. €,GB3,2019,700000.0
Ryan Hardie,Plymouth Argyle,-,GB3,2020,600000.0
Ryan Hardie,Plymouth Argyle,-,GB4,2019,600000.0
Declan Drysdale,FC Gillingham,-,GB3,2020,
Declan Drysdale,Cambridge United,-,GB4,2020,
Morgan Boyes,Fleetwood Town,-,GB3,2020,150000.0
Regan Slater,Hull City,-,GB3,2020,900000.0
Regan Slater,Scunthorpe United,-,GB4,2019,900000.0
Regan Slater,Carlisle United,-,GB4,2018,900000.0
Lasse Sörensen,Milton Keynes Dons,-,GB3,2020,450000.0
Warren O'Hora,Milton Keynes Dons,-,GB3,2020,600000.0
Tyreke Johnson,FC Gillingham,-,GB3,2020,
Darnell Johnson,Wigan Athletic,-,GB3,2020,150000.0
Darnell Johnson,AFC Wimbledon,-,GB3,2020,150000.0
Tom Allan,Accrington Stanley,-,GB3,2020,
Niall Ennis,Burton Albion,-,GB3,2020,350000.0
Niall Ennis,Doncaster Rovers,-,GB3,2019,350000.0
Liam Millar,Charlton Athletic,-,GB3,2020,2300000.0
Brennan Johnson,Lincoln City,-,GB3,2020,20000000.0
Elliot Embleton,FC Blackpool,-,GB3,2020,1200000.0
Elliot Embleton,Grimsby Town,-,GB4,2018,1200000.0
Joe Hilton,Fleetwood Town,-,GB3,2020,150000.0
Zechariah Medley,FC Gillingham,-,GB3,2020,500000.0
Jerome Opoku,Plymouth Argyle,-,GB3,2020,700000.0
Jerome Opoku,Accrington Stanley,-,GB3,2019,700000.0
Timothy Eyoma,Lincoln City,-,GB3,2020,500000.0
Timothy Eyoma,Lincoln City,-,GB3,2019,500000.0
Teddy Sharman-Lowe,Burton Albion,-,GB3,2020,
Kazaiah Sterling,Southend United,"1,80 mln €",GB4,2020,300000.0
Kazaiah Sterling,Doncaster Rovers,"2,00 mln €",GB3,2019,300000.0
Kazaiah Sterling,Leyton Orient,"2,00 mln €",GB4,2019,300000.0
Kazaiah Sterling,AFC Sunderland,-,GB3,2018,300000.0
Stephen Quinn,Mansfield Town,600 tys. €,GB4,2020,600000.0
Ali Crawford,Tranmere Rovers,550 tys. €,GB4,2020,375000.0
Hiram Boateng,Cambridge United,400 tys. €,GB4,2020,400000.0
Declan John,Bolton Wanderers,400 tys. €,GB4,2020,450000.0
Declan John,AFC Sunderland,800 tys. €,GB3,2019,450000.0
David Nugent,Tranmere Rovers,300 tys. €,GB4,2020,
Marcel Hilßner,Oldham Athletic,300 tys. €,GB4,2020,200000.0
David Stockdale,FC Stevenage,300 tys. €,GB4,2020,150000.0
David Stockdale,Wycombe Wanderers,500 tys. €,GB3,2019,150000.0
David Stockdale,Southend United,"2,00 mln €",GB3,2018,150000.0
David Stockdale,Wycombe Wanderers,"1,00 mln €",GB3,2018,150000.0
David Stockdale,Coventry City,"1,00 mln €",GB3,2018,150000.0
Nicky Maynard,Newport County,300 tys. €,GB4,2020,
Derick Osei,FC Walsall,250 tys. €,GB4,2020,250000.0
Brad Lyons,FC Morecambe,250 tys. €,GB4,2020,200000.0
Brad Lyons,Blackburn Rovers,-,GB2,2018,200000.0
Jake Hesketh,Crawley Town,200 tys. €,GB4,2020,
Jake Hesketh,Lincoln City,200 tys. €,GB3,2019,
Jake Hesketh,Burton Albion,-,GB3,2018,
Jake Hesketh,Milton Keynes Dons,-,GB4,2018,
Mace Goodridge,AFC Barrow,200 tys. €,GB4,2020,
Tom Davies,AFC Barrow,150 tys. €,GB4,2020,12000000.0
Odin Bailey,Forest Green Rovers,150 tys. €,GB4,2020,250000.0
Odin Bailey,Forest Green Rovers,150 tys. €,GB4,2019,250000.0
Kyle Taylor,Southend United,100 tys. €,GB4,2020,200000.0
Kyle Taylor,Forest Green Rovers,-,GB4,2019,200000.0
Ian Lawlor,Oldham Athletic,100 tys. €,GB4,2020,100000.0
Ian Lawlor,Scunthorpe United,100 tys. €,GB4,2019,100000.0
Jordan Green,Southend United,100 tys. €,GB4,2020,100000.0
Jordan Green,Newport County,100 tys. €,GB4,2019,100000.0
Tom Sang,Cheltenham Town,100 tys. €,GB4,2020,300000.0
Marcus Maddison,Bolton Wanderers,-,GB4,2020,
Marcus Maddison,Hull City,750 tys. €,GB2,2019,
Jake Taylor,Scunthorpe United,-,GB4,2020,200000.0
Jake Taylor,Port Vale FC,-,GB4,2019,200000.0
Jahmal Hector-Ingram,FC Stevenage,-,GB4,2020,
Alex Denny,FC Morecambe,-,GB4,2020,50000.0
Aji Alese,Cambridge United,-,GB4,2020,1000000.0
Aji Alese,Accrington Stanley,-,GB3,2019,1000000.0
Oladapo Afolayan,Bolton Wanderers,-,GB4,2020,600000.0
Oladapo Afolayan,Mansfield Town,-,GB4,2019,600000.0
Oladapo Afolayan,Oldham Athletic,-,GB4,2018,600000.0
Jordan Thomas,Leyton Orient,-,GB4,2020,
Nya Kirby,Tranmere Rovers,-,GB4,2020,300000.0
Nya Kirby,FC Blackpool,-,GB3,2018,300000.0
Austin Samuels,Bradford City,-,GB4,2020,175000.0
Terry Taylor,Grimsby Town,-,GB4,2020,250000.0
Jayden Richardson,Forest Green Rovers,-,GB4,2020,400000.0
Jayden Richardson,Exeter City,-,GB4,2019,400000.0
James Olayinka,Southend United,-,GB4,2020,
James Olayinka,Northampton Town,-,GB4,2019,
Tom McGill,Crawley Town,-,GB4,2020,200000.0
Tom McGill,Crawley Town,-,GB4,2019,200000.0
Hélder Costa,Leeds United,"15,00 mln €",GB2,2019,3500000.0
Jean-Kévin Augustin,Leeds United,"14,00 mln €",GB2,2019,1500000.0
Terence Kongolo,FC Fulham,"12,00 mln €",GB2,2019,900000.0
Bobby De Cordova-Reid,FC Fulham,"10,00 mln €",GB2,2019,7000000.0
Eddie Nketiah,Leeds United,"8,00 mln €",GB2,2019,18000000.0
Adama Diakhaby,Nottingham Forest,"8,00 mln €",GB2,2019,800000.0
Callum Robinson,West Bromwich Albion,"7,00 mln €",GB2,2019,5000000.0
Jacob Murphy,Sheffield Wednesday,"6,00 mln €",GB2,2019,10000000.0
Illan Meslier,Leeds United,"5,00 mln €",GB2,2019,22000000.0
Grady Diangana,West Bromwich Albion,"5,00 mln €",GB2,2019,6000000.0
Markus Henriksen,Bristol City,"5,00 mln €",GB2,2019,1000000.0
Jonas Lössl,Huddersfield Town,"5,00 mln €",GB2,2019,600000.0
James Chester,Stoke City,"4,50 mln €",GB2,2019,500000.0
Pelé,FC Reading,"4,50 mln €",GB2,2019,800000.0
Pelé,FC Reading,"4,50 mln €",GB2,2019,1000000.0
Pelé,Nottingham Forest,"6,00 mln €",GB2,2018,800000.0
Pelé,Nottingham Forest,"6,00 mln €",GB2,2018,1000000.0
Harold Moukoudi,FC Middlesbrough,"4,00 mln €",GB2,2019,4000000.0
Nahki Wells,Queens Park Rangers,"4,00 mln €",GB2,2019,1200000.0
Nahki Wells,Queens Park Rangers,"4,50 mln €",GB2,2018,1200000.0
Rhian Brewster,Swansea City,"4,00 mln €",GB2,2019,5000000.0
Albert Adomah,Cardiff City,"3,50 mln €",GB2,2019,250000.0
Tosin Adarabioyo,Blackburn Rovers,"3,50 mln €",GB2,2019,18000000.0
Tosin Adarabioyo,West Bromwich Albion,"1,00 mln €",GB2,2018,18000000.0
Greg Cunningham,Blackburn Rovers,"3,00 mln €",GB2,2019,350000.0
Rafa Mir,Nottingham Forest,"3,00 mln €",GB2,2019,12000000.0
Trevoh Chalobah,Huddersfield Town,"3,00 mln €",GB2,2019,22000000.0
Trevoh Chalobah,Ipswich Town,-,GB2,2018,22000000.0
Matt Miazga,FC Reading,"3,00 mln €",GB2,2019,2000000.0
Matt Miazga,FC Reading,"3,00 mln €",GB2,2018,2000000.0
Kieran Dowell,Derby County,"3,00 mln €",GB2,2019,2200000.0
Kieran Dowell,Wigan Athletic,"3,00 mln €",GB2,2019,2200000.0
Kieran Dowell,Sheffield United,"3,00 mln €",GB2,2018,2200000.0
Emile Smith Rowe,Huddersfield Town,"3,00 mln €",GB2,2019,38000000.0
Aiden McGeady,Charlton Athletic,"2,50 mln €",GB2,2019,300000.0
Connor Wickham,Sheffield Wednesday,"2,50 mln €",GB2,2019,800000.0
Andy King,Huddersfield Town,"2,50 mln €",GB2,2019,300000.0
Andy King,Derby County,"3,00 mln €",GB2,2018,300000.0
Alessio Da Cruz,Sheffield Wednesday,"2,40 mln €",GB2,2019,1500000.0
Conor Gallagher,Swansea City,"2,00 mln €",GB2,2019,32000000.0
Conor Gallagher,Charlton Athletic,-,GB2,2019,32000000.0
Jan Mlakar,Wigan Athletic,"2,00 mln €",GB2,2019,2300000.0
Jan Mlakar,Queens Park Rangers,"2,00 mln €",GB2,2019,2300000.0
Andre Green,Charlton Athletic,"2,00 mln €",GB2,2019,750000.0
Andre Green,Preston North End,"2,00 mln €",GB2,2019,750000.0
Andre Green,FC Portsmouth,"1,00 mln €",GB3,2018,750000.0
Pedro Pereira,Bristol City,"2,00 mln €",GB2,2019,
Pedro Pereira,Bristol City,"2,00 mln €",GB2,2019,2000000.0
Josh Windass,Sheffield Wednesday,"2,00 mln €",GB2,2019,600000.0
Arijanet Muric,Nottingham Forest,"2,00 mln €",GB2,2019,4000000.0
David Bates,Sheffield Wednesday,"2,00 mln €",GB2,2019,650000.0
Harrison Reed,FC Fulham,"2,00 mln €",GB2,2019,15000000.0
Harrison Reed,Blackburn Rovers,"1,00 mln €",GB2,2018,15000000.0
Lucas Boyé,FC Reading,"1,50 mln €",GB2,2019,8000000.0
Chris Willock,West Bromwich Albion,"1,50 mln €",GB2,2019,6000000.0
Chris Willock,Huddersfield Town,"1,50 mln €",GB2,2019,6000000.0
Ben Wilmot,Swansea City,"1,50 mln €",GB2,2019,6000000.0
Leon Balogun,Wigan Athletic,"1,50 mln €",GB2,2019,400000.0
Beram Kayal,Charlton Athletic,"1,50 mln €",GB2,2019,300000.0
John Bostock,Nottingham Forest,"1,00 mln €",GB2,2019,400000.0
Jefferson Montero,Birmingham City,"1,00 mln €",GB2,2019,250000.0
Jefferson Montero,West Bromwich Albion,"1,50 mln €",GB2,2018,250000.0
James Bree,Luton Town,"1,00 mln €",GB2,2019,3000000.0
James Bree,Ipswich Town,"1,00 mln €",GB2,2018,3000000.0
Josh Cullen,Charlton Athletic,"1,00 mln €",GB2,2019,7000000.0
Josh Cullen,Charlton Athletic,"1,00 mln €",GB3,2018,7000000.0
Brad Smith,Cardiff City,"1,00 mln €",GB2,2019,
Brad Smith,Cardiff City,"1,00 mln €",GB2,2019,1000000.0
Rushian Hepburn-Murphy,Derby County,"1,00 mln €",GB2,2019,200000.0
Rushian Hepburn-Murphy,Tranmere Rovers,"1,00 mln €",GB3,2019,200000.0
Rushian Hepburn-Murphy,Cambridge United,"1,00 mln €",GB4,2018,200000.0
Ovie Ejaria,FC Reading,900 tys. €,GB2,2019,3000000.0
Ovie Ejaria,FC Reading,900 tys. €,GB2,2018,3000000.0
Ravel Morrison,FC Middlesbrough,750 tys. €,GB2,2019,500000.0
Aldo Kalulu,Swansea City,750 tys. €,GB2,2019,1500000.0
Ayub Masika,FC Reading,650 tys. €,GB2,2019,400000.0
João Virgínia,FC Reading,500 tys. €,GB2,2019,1000000.0
Ben Hamer,Derby County,500 tys. €,GB2,2019,250000.0
Mark Duffy,Stoke City,500 tys. €,GB2,2019,
Bright Enobakhare,Wigan Athletic,500 tys. €,GB2,2019,200000.0
Bright Enobakhare,Coventry City,500 tys. €,GB3,2018,200000.0
Eunan O'Kane,Luton Town,500 tys. €,GB2,2019,
Eunan O'Kane,Luton Town,750 tys. €,GB3,2018,
Kamil Grabara,Huddersfield Town,400 tys. €,GB2,2019,5000000.0
Kilian Ludewig,FC Barnsley,300 tys. €,GB2,2019,500000.0
Luke Steele,FC Millwall,150 tys. €,GB2,2019,
Luke Amos,Queens Park Rangers,100 tys. €,GB2,2019,500000.0
Alexandru Dobre,Wigan Athletic,100 tys. €,GB2,2019,1200000.0
Alexandru Dobre,Yeovil Town,100 tys. €,GB4,2018,1200000.0
Moha Ramos,Birmingham City,50 tys. €,GB2,2019,25000.0
Ben White,Leeds United,-,GB2,2019,45000000.0
Ben White,Peterborough United,-,GB3,2018,45000000.0
Sam Surridge,Swansea City,-,GB2,2019,3500000.0
Sam Surridge,Oldham Athletic,-,GB4,2018,3500000.0
Luke Bolton,Luton Town,-,GB2,2019,2000000.0
Luke Bolton,Wycombe Wanderers,-,GB3,2018,2000000.0
Rocky Bushiri,FC Blackpool,"1,20 mln €",GB3,2019,400000.0
Liam Bridcutt,Lincoln City,"1,00 mln €",GB3,2019,250000.0
Liam Bridcutt,Bolton Wanderers,"1,00 mln €",GB3,2019,250000.0
Cameron Borthwick-Jackson,Tranmere Rovers,"1,00 mln €",GB3,2019,300000.0
Cameron Borthwick-Jackson,Oldham Athletic,"1,00 mln €",GB4,2019,300000.0
Cameron Borthwick-Jackson,Scunthorpe United,"3,00 mln €",GB3,2018,300000.0
George Thorne,Oxford United,"1,00 mln €",GB3,2019,
George Thorne,Luton Town,"1,50 mln €",GB3,2018,
Ross McCrorie,FC Portsmouth,"1,00 mln €",GB3,2019,750000.0
James Husband,FC Blackpool,"1,00 mln €",GB3,2019,600000.0
James Husband,Fleetwood Town,"1,00 mln €",GB3,2018,600000.0
Marc McNulty,AFC Sunderland,"1,00 mln €",GB3,2019,500000.0
Laurens De Bock,AFC Sunderland,"1,00 mln €",GB3,2019,600000.0
Luke Garbutt,Ipswich Town,750 tys. €,GB3,2019,300000.0
Luke Garbutt,Oxford United,"1,00 mln €",GB3,2018,300000.0
Marcus Browne,Oxford United,750 tys. €,GB3,2019,300000.0
Marcus Browne,Oxford United,250 tys. €,GB3,2018,300000.0
Chris Cadden,Oxford United,700 tys. €,GB3,2019,650000.0
Conor McAleny,Shrewsbury Town,500 tys. €,GB3,2019,400000.0
Connor Ronan,FC Blackpool,500 tys. €,GB3,2019,800000.0
Connor Ronan,FC Walsall,250 tys. €,GB3,2018,800000.0
Rolando Aarons,Wycombe Wanderers,500 tys. €,GB3,2019,300000.0
Rolando Aarons,Sheffield Wednesday,500 tys. €,GB2,2018,300000.0
Marc Bola,FC Blackpool,500 tys. €,GB3,2019,1800000.0
Ben Heneghan,FC Blackpool,500 tys. €,GB3,2019,300000.0
Ben Heneghan,FC Blackpool,400 tys. €,GB3,2018,300000.0
Antoine Semenyo,AFC Sunderland,500 tys. €,GB3,2019,3000000.0
Antoine Semenyo,Newport County,-,GB4,2018,3000000.0
Jason McCarthy,Wycombe Wanderers,500 tys. €,GB3,2019,350000.0
James Vaughan,Tranmere Rovers,500 tys. €,GB3,2019,
James Vaughan,FC Portsmouth,500 tys. €,GB3,2018,
Cameron McGeehan,FC Portsmouth,500 tys. €,GB3,2019,600000.0
Jordan Rossiter,Fleetwood Town,450 tys. €,GB3,2019,250000.0
Jordan Rossiter,FC Bury,450 tys. €,GB4,2018,250000.0
Jake Hastie,Rotherham United,450 tys. €,GB3,2019,250000.0
Courtney Baker-Richardson,Accrington Stanley,350 tys. €,GB3,2019,300000.0
Mads Bech Sörensen,AFC Wimbledon,350 tys. €,GB3,2019,4000000.0
Jimmy Dunne,Fleetwood Town,300 tys. €,GB3,2019,2000000.0
Jimmy Dunne,AFC Sunderland,300 tys. €,GB3,2018,2000000.0
Josh Ginnelly,Bristol Rovers,250 tys. €,GB3,2019,500000.0
Sean Raggett,FC Portsmouth,250 tys. €,GB3,2019,350000.0
Sean Raggett,Rotherham United,250 tys. €,GB2,2018,350000.0
Conor Shaughnessy,Burton Albion,250 tys. €,GB3,2019,250000.0
Conor Shaughnessy,Mansfield Town,250 tys. €,GB4,2019,250000.0
Kean Bryan,Bolton Wanderers,250 tys. €,GB3,2019,900000.0
Mikael Ndjoli,FC Gillingham,250 tys. €,GB3,2019,
Jordan Graham,FC Gillingham,250 tys. €,GB3,2019,300000.0
Jordan Graham,Ipswich Town,500 tys. €,GB2,2018,300000.0
Jordan Graham,Oxford United,500 tys. €,GB3,2018,300000.0
Donervon Daniels,Doncaster Rovers,250 tys. €,GB3,2019,300000.0
Jak Alnwick,FC Blackpool,250 tys. €,GB3,2019,400000.0
Jak Alnwick,Scunthorpe United,250 tys. €,GB3,2018,400000.0
Thibaud Verlinden,Bolton Wanderers,250 tys. €,GB3,2019,600000.0
Kane Wilson,Tranmere Rovers,250 tys. €,GB3,2019,300000.0
Kane Wilson,FC Walsall,250 tys. €,GB3,2018,300000.0
Kane Wilson,Exeter City,250 tys. €,GB4,2018,300000.0
Jason Lokilo,Doncaster Rovers,200 tys. €,GB3,2019,400000.0
Harry Souttar,Fleetwood Town,200 tys. €,GB3,2019,6000000.0
Harry Souttar,Fleetwood Town,200 tys. €,GB3,2018,6000000.0
Seny Dieng,Doncaster Rovers,150 tys. €,GB3,2019,1500000.0
Seny Dieng,FC Stevenage,100 tys. €,GB4,2018,1500000.0
Jordan Roberts,FC Gillingham,150 tys. €,GB3,2019,300000.0
Jordan Roberts,Lincoln City,100 tys. €,GB4,2018,300000.0
Benny Ashley-Seal,Accrington Stanley,150 tys. €,GB3,2019,50000.0
Patrik Gunnarsson,Southend United,150 tys. €,GB3,2019,700000.0
Alfie Jones,FC Gillingham,100 tys. €,GB3,2019,1000000.0
Callum Lang,Shrewsbury Town,100 tys. €,GB3,2019,1200000.0
Callum Lang,Oldham Athletic,-,GB4,2018,1200000.0
Alex Jakubiak,FC Gillingham,100 tys. €,GB3,2019,150000.0
Alex Jakubiak,Bristol Rovers,100 tys. €,GB3,2018,150000.0
Anthony Georgiou,Ipswich Town,50 tys. €,GB3,2019,300000.0
Anthony Georgiou,Bolton Wanderers,50 tys. €,GB3,2019,300000.0
Aaron Chapman,Tranmere Rovers,25 tys. €,GB3,2019,200000.0
Ethan Hamilton,Southend United,-,GB3,2019,500000.0
Ethan Hamilton,Bolton Wanderers,-,GB3,2019,500000.0
Ethan Hamilton,AFC Rochdale,-,GB3,2018,500000.0
Layton Ndukwu,Southend United,-,GB3,2019,100000.0
Robert Sánchez,AFC Rochdale,-,GB3,2019,32000000.0
Robert Sánchez,Forest Green Rovers,-,GB4,2018,32000000.0
Morgan Feeney,Tranmere Rovers,-,GB3,2019,
Dan Barlaser,Rotherham United,-,GB3,2019,2000000.0
Dan Barlaser,Accrington Stanley,-,GB3,2018,2000000.0
Nathan Trott,AFC Wimbledon,-,GB3,2019,400000.0
Jacob Ramsey,Doncaster Rovers,-,GB3,2019,28000000.0
Ísak Snaer Thorvaldsson,Fleetwood Town,-,GB3,2019,300000.0
Michael Folivi,AFC Wimbledon,-,GB3,2019,
Michael Folivi,AFC Wimbledon,-,GB3,2018,
Max Sanders,AFC Wimbledon,-,GB3,2019,200000.0
Cameron John,Doncaster Rovers,-,GB3,2019,
Ousseynou Cissé,Leyton Orient,700 tys. €,GB4,2019,
Eoin Doyle,Swindon Town,650 tys. €,GB4,2019,300000.0
Zak Rudden,Plymouth Argyle,400 tys. €,GB4,2019,300000.0
Glenn Middleton,Bradford City,400 tys. €,GB4,2019,500000.0
Jack Baldwin,Salford City,400 tys. €,GB4,2019,450000.0
Rob Hall,Forest Green Rovers,400 tys. €,GB4,2019,
Gavin Reilly,Cheltenham Town,350 tys. €,GB4,2019,150000.0
Nathan Thomas,Carlisle United,250 tys. €,GB4,2019,200000.0
Nathan Thomas,Notts County,250 tys. €,GB4,2018,200000.0
Nathan Thomas,Carlisle United,250 tys. €,GB4,2018,200000.0
Tafari Moore,Colchester United,200 tys. €,GB4,2019,
Theo Robinson,Colchester United,200 tys. €,GB4,2019,200000.0
Theo Robinson,Colchester United,200 tys. €,GB4,2019,200000.0
Theo Robinson,Swindon Town,200 tys. €,GB4,2018,200000.0
Chuma Anene,Crewe Alexandra,200 tys. €,GB4,2019,
Ryan Inniss,Newport County,150 tys. €,GB4,2019,150000.0
Jake Jervis,Salford City,150 tys. €,GB4,2019,250000.0
Jake Jervis,AFC Wimbledon,150 tys. €,GB3,2018,250000.0
Jack Rose,FC Walsall,100 tys. €,GB4,2019,100000.0
Gregor Zabret,Oldham Athletic,75 tys. €,GB4,2019,75000.0
Ashley Smith-Brown,Oldham Athletic,-,GB4,2019,
Cameron Burgess,Salford City,-,GB4,2019,500000.0
Conrad Logan,Forest Green Rovers,-,GB4,2019,
Mason Bloomfield,Crawley Town,-,GB4,2019,250000.0
Danny Whitehead,Macclesfield Town FC,-,GB4,2019,
Lloyd Jones,Northampton Town,-,GB4,2019,200000.0
Lloyd Jones,Plymouth Argyle,100 tys. €,GB3,2018,200000.0
Olufela Olomola,Carlisle United,-,GB4,2019,
Olufela Olomola,Yeovil Town,-,GB4,2018,
Josh Benson,Grimsby Town,-,GB4,2019,300000.0
Liam Gibson,Grimsby Town,-,GB4,2019,150000.0
Liam Gibson,Accrington Stanley,-,GB3,2018,150000.0
Elias Sörensen,Carlisle United,-,GB4,2019,
Elias Sörensen,FC Blackpool,-,GB3,2018,
Jake Doyle-Hayes,Cheltenham Town,-,GB4,2019,500000.0
Jake Doyle-Hayes,Cambridge United,-,GB4,2018,500000.0
Nathan Sheron,FC Walsall,-,GB4,2019,
Dylan Connolly,Bradford City,-,GB4,2019,300000.0
Elliot Watt,Carlisle United,-,GB4,2019,
Danny McNamara,Newport County,-,GB4,2019,1800000.0
George Marsh,Leyton Orient,-,GB4,2019,
Tammy Abraham,Aston Villa,"10,00 mln €",GB2,2018,45000000.0
Tom Carroll,Aston Villa,"7,00 mln €",GB2,2018,1500000.0
Mason Holgate,West Bromwich Albion,"7,00 mln €",GB2,2018,16000000.0
Jordan Rhodes,Norwich City,"6,00 mln €",GB2,2018,400000.0
Lewis Baker,Leeds United,"5,50 mln €",GB2,2018,3000000.0
Lewis Baker,FC Reading,"5,50 mln €",GB2,2018,3000000.0
Léo Bonatini,Nottingham Forest,"5,00 mln €",GB2,2018,500000.0
Tomas Kalas,Bristol City,"5,00 mln €",GB2,2018,1800000.0
Ashley Williams,Stoke City,"5,00 mln €",GB2,2018,
Muhamed Besic,FC Middlesbrough,"5,00 mln €",GB2,2018,1200000.0
Nélson Oliveira,FC Reading,"5,00 mln €",GB2,2018,1500000.0
Rajiv van La Parra,FC Middlesbrough,"4,00 mln €",GB2,2018,300000.0
Gary Madine,Sheffield United,"4,00 mln €",GB2,2018,400000.0
Sam Byram,Nottingham Forest,"4,00 mln €",GB2,2018,2000000.0
Yanic Wildschut,Bolton Wanderers,"4,00 mln €",GB2,2018,400000.0
Mason Mount,Derby County,"4,00 mln €",GB2,2018,75000000.0
Jack Colback,Nottingham Forest,"3,50 mln €",GB2,2018,800000.0
Tyrone Mings,Aston Villa,"3,50 mln €",GB2,2018,25000000.0
Jack Harrison,Leeds United,"3,50 mln €",GB2,2018,25000000.0
Chris Martin,Hull City,"3,50 mln €",GB2,2018,300000.0
Saidy Janko,Nottingham Forest,"3,00 mln €",GB2,2018,1000000.0
Josh Onomah,Sheffield Wednesday,"3,00 mln €",GB2,2018,2500000.0
Oliver Norwood,Sheffield United,"3,00 mln €",GB2,2018,3000000.0
Gil Dias,Nottingham Forest,"3,00 mln €",GB2,2018,2000000.0
Michael Hector,Sheffield Wednesday,"3,00 mln €",GB2,2018,1700000.0
Cuco Martina,Stoke City,"2,50 mln €",GB2,2018,300000.0
Tomer Hemed,Queens Park Rangers,"2,50 mln €",GB2,2018,250000.0
Geoff Cameron,Queens Park Rangers,"2,50 mln €",GB2,2018,150000.0
Diogo Gonçalves,Nottingham Forest,"2,50 mln €",GB2,2018,5000000.0
Tommy Elphick,Hull City,"2,50 mln €",GB2,2018,
Marvin Johnson,Sheffield United,"2,00 mln €",GB2,2018,450000.0
Jonathan Walters,Ipswich Town,"2,00 mln €",GB2,2018,
Collin Quaner,Ipswich Town,"1,50 mln €",GB2,2018,
Marc Pugh,Hull City,"1,50 mln €",GB2,2018,
Gary Gardner,Birmingham City,"1,50 mln €",GB2,2018,800000.0
Saeid Ezatolahi,FC Reading,"1,50 mln €",GB2,2018,400000.0
George Saville,FC Middlesbrough,"1,50 mln €",GB2,2018,3000000.0
Will Keane,Ipswich Town,"1,00 mln €",GB2,2018,1500000.0
Sam McQueen,FC Middlesbrough,"1,00 mln €",GB2,2018,
Molla Wagué,Nottingham Forest,"1,00 mln €",GB2,2018,250000.0
Emiliano Martínez,FC Reading,"1,00 mln €",GB2,2018,3500000.0
Emiliano Martínez,FC Reading,"1,00 mln €",GB2,2018,28000000.0
André Moreira,Aston Villa,"1,00 mln €",GB2,2018,1000000.0
Fikayo Tomori,Derby County,"1,00 mln €",GB2,2018,50000000.0
Achraf Lazaar,Sheffield Wednesday,"1,00 mln €",GB2,2018,300000.0
Omar Bogle,Birmingham City,750 tys. €,GB2,2018,600000.0
Omar Bogle,FC Portsmouth,500 tys. €,GB3,2018,600000.0
Ben Amos,FC Millwall,750 tys. €,GB2,2018,350000.0
Alex Pearce,FC Millwall,750 tys. €,GB2,2018,250000.0
Leon Clarke,Wigan Athletic,750 tys. €,GB2,2018,300000.0
Dan Burn,Wigan Athletic,750 tys. €,GB2,2018,12000000.0
Antonee Robinson,Wigan Athletic,500 tys. €,GB2,2018,10000000.0
Joe Williams,Bolton Wanderers,500 tys. €,GB2,2018,1200000.0
Callum Elder,Ipswich Town,250 tys. €,GB2,2018,800000.0
Connor Mahoney,Birmingham City,250 tys. €,GB2,2018,400000.0
Dean Henderson,Sheffield United,250 tys. €,GB2,2018,22000000.0
Harvey Barnes,West Bromwich Albion,250 tys. €,GB2,2018,32000000.0
Richie Towell,Rotherham United,200 tys. €,GB2,2018,200000.0
Remi Matthews,Bolton Wanderers,200 tys. €,GB2,2018,300000.0
Marek Rodak,Rotherham United,100 tys. €,GB2,2018,3500000.0
Zak Vyner,Rotherham United,100 tys. €,GB2,2018,2200000.0
Christian Doidge,Bolton Wanderers,-,GB2,2018,500000.0
Lee Tomlin,Peterborough United,"2,50 mln €",GB3,2018,
Jacob Butterfield,Bradford City,"2,50 mln €",GB3,2018,
Joe Mason,FC Portsmouth,"1,50 mln €",GB3,2018,250000.0
David Meyler,Coventry City,"1,50 mln €",GB3,2018,
Jerome Sinclair,Oxford United,"1,50 mln €",GB3,2018,250000.0
Jerome Sinclair,AFC Sunderland,"1,50 mln €",GB3,2018,250000.0
Alex Baptiste,Luton Town,"1,00 mln €",GB3,2018,
Jason Cummings,Peterborough United,800 tys. €,GB3,2018,900000.0
Jason Cummings,Luton Town,800 tys. €,GB3,2018,900000.0
Stephen Henderson,Wycombe Wanderers,750 tys. €,GB3,2018,300000.0
Leonardo Lopes,FC Gillingham,750 tys. €,GB3,2018,2000000.0
Stuart O'Keefe,Plymouth Argyle,750 tys. €,GB3,2018,400000.0
Jason Holt,Fleetwood Town,750 tys. €,GB3,2018,450000.0
Lewis Morgan,AFC Sunderland,750 tys. €,GB3,2018,6000000.0
Cauley Woodrow,FC Barnsley,750 tys. €,GB3,2018,1500000.0
Ahmed Kashi,Oxford United,700 tys. €,GB3,2018,300000.0
Greg Docherty,Shrewsbury Town,600 tys. €,GB3,2018,900000.0
Danny Lafferty,Peterborough United,500 tys. €,GB3,2018,50000.0
Devante Cole,Burton Albion,500 tys. €,GB3,2018,600000.0
Chris Maxwell,Charlton Athletic,500 tys. €,GB3,2018,300000.0
Aaron Ramsdale,AFC Wimbledon,500 tys. €,GB3,2018,30000000.0
Ricky Holmes,FC Gillingham,500 tys. €,GB3,2018,
Ricky Holmes,Oxford United,500 tys. €,GB3,2018,
Matt Jarvis,FC Walsall,500 tys. €,GB3,2018,
George Thomas,Scunthorpe United,500 tys. €,GB3,2018,400000.0
Connor Randall,AFC Rochdale,500 tys. €,GB3,2018,450000.0
Harry Bunn,Southend United,500 tys. €,GB3,2018,
Joel Coleman,Shrewsbury Town,500 tys. €,GB3,2018,300000.0
Charlie Colkett,Shrewsbury Town,400 tys. €,GB3,2018,300000.0
Graham Burke,FC Gillingham,350 tys. €,GB3,2018,275000.0
Billy King,FC Gillingham,350 tys. €,GB3,2018,150000.0
Jack Payne,Bradford City,350 tys. €,GB3,2018,350000.0
Samir Carruthers,Oxford United,350 tys. €,GB3,2018,
Joseph Dodoo,FC Blackpool,250 tys. €,GB3,2018,350000.0
Stephen Humphrys,Scunthorpe United,250 tys. €,GB3,2018,700000.0
Viv Solomon-Otabor,FC Portsmouth,250 tys. €,GB3,2018,300000.0
Andy Lonergan,AFC Rochdale,250 tys. €,GB3,2018,200000.0
Iké Ugbo,Scunthorpe United,250 tys. €,GB3,2018,4000000.0
Ben Purrington,Charlton Athletic,250 tys. €,GB3,2018,450000.0
Ben Purrington,AFC Wimbledon,250 tys. €,GB3,2018,450000.0
Mike-Steven Bähre,FC Barnsley,250 tys. €,GB3,2018,175000.0
Ethan Ebanks-Landell,AFC Rochdale,250 tys. €,GB3,2018,250000.0
Oscar Threlkeld,Plymouth Argyle,200 tys. €,GB3,2018,200000.0
Adam King,Peterborough United,150 tys. €,GB3,2018,
Jorge Grant,Luton Town,100 tys. €,GB3,2018,375000.0
Jorge Grant,Mansfield Town,100 tys. €,GB4,2018,375000.0
Lloyd Isgrove,FC Portsmouth,-,GB3,2018,200000.0
Connor Ogilvie,FC Gillingham,-,GB3,2018,350000.0
Christian,Fleetwood Town,-,GB3,2018,75000.0
Tyrese Campbell,Shrewsbury Town,-,GB3,2018,3000000.0
Harry Burgoyne,Plymouth Argyle,-,GB3,2018,150000.0
Jake Flannigan,Burton Albion,-,GB3,2018,
Lewis O'Brien,Bradford City,-,GB3,2018,8000000.0
Connor Johnson,FC Walsall,-,GB3,2018,
Jack Fitzwater,FC Walsall,-,GB3,2018,600000.0
Jack Fitzwater,FC Walsall,-,GB3,2018,600000.0
Corey Blackett-Taylor,FC Walsall,-,GB3,2018,300000.0
Sherwin Seedorf,Bradford City,-,GB3,2018,300000.0
Jordan Lyden,Oldham Athletic,500 tys. €,GB4,2018,400000.0
Mark O'Hara,Lincoln City,450 tys. €,GB4,2018,500000.0
Marvin Sordell,Northampton Town,400 tys. €,GB4,2018,
Aaron Taylor-Sinclair,Crewe Alexandra,250 tys. €,GB4,2018,50000.0
Rob Milsom,Notts County,250 tys. €,GB4,2018,250000.0
Ryan Sweeney,Mansfield Town,250 tys. €,GB4,2018,400000.0
Matty Willock,Crawley Town,250 tys. €,GB4,2018,250000.0
Adam Campbell,Carlisle United,250 tys. €,GB4,2018,
Gethin Jones,Mansfield Town,250 tys. €,GB4,2018,300000.0
Jordan Tillson,Cheltenham Town,150 tys. €,GB4,2018,350000.0
Rhys Healey,Milton Keynes Dons,150 tys. €,GB4,2018,3000000.0
Kristian Dennis,Grimsby Town,100 tys. €,GB4,2018,350000.0
Joe Maguire,Crawley Town,100 tys. €,GB4,2018,100000.0
Botti Biabi,Macclesfield Town FC,100 tys. €,GB4,2018,
Callum Roberts,Colchester United,75 tys. €,GB4,2018,100000.0
Enes Mahmutovic,Yeovil Town,75 tys. €,GB4,2018,250000.0
Jamie Sterry,Crewe Alexandra,75 tys. €,GB4,2018,75000.0
Fiacre Kelleher,Macclesfield Town FC,50 tys. €,GB4,2018,50000.0
Luke Hendrie,Grimsby Town,-,GB4,2018,250000.0
Regan Poole,Newport County,-,GB4,2018,400000.0
Ben Hall,Notts County,-,GB4,2018,50000.0
Sam Dalby,FC Morecambe,-,GB4,2018,
George Cox,Northampton Town,-,GB4,2018,900000.0
Dara O'Shea,Exeter City,-,GB4,2018,4000000.0
Callum Whelan,Port Vale FC,-,GB4,2018,
Matt Worthington,Forest Green Rovers,-,GB4,2018,
Ali Koiki,Swindon Town,-,GB4,2018,
Joe Powell,Northampton Town,-,GB4,2018,500000.0
Alex Iacovitti,Oldham Athletic,-,GB4,2018,400000.0
Zak Dearnley,Oldham Athletic,-,GB4,2018,
Vashon Neufville,Newport County,-,GB4,2018,125000.0
Shamal George,Tranmere Rovers,-,GB4,2018,300000.0
Jamie Barjonas,FC Bury,-,GB4,2018,
Steven Alzate,Swindon Town,-,GB4,2018,4500000.0
Moses Makasi,FC Stevenage,-,GB4,2018,200000.0
Bernard Mensah,Lincoln City,-,GB4,2018,2500000.0
Harry McKirdy,Newport County,-,GB4,2018,125000.0
Sam Stubbs,Notts County,-,GB4,2018,250000.0
Nathan McGinley,Forest Green Rovers,-,GB4,2018,375000.0
