name,loaning_club,player_value_in_moment_of_transfer,league,year
Amad Diallo,AFC Sunderland,"15,00 mln €",GB2,2022
Marquinhos,Norwich City,"10,00 mln €",GB2,2022
Alex Mowatt,FC Middlesbrough,"10,00 mln €",GB2,2022
Cameron Archer,FC Middlesbrough,"8,00 mln €",GB2,2022
Tyler Roberts,Queens Park Rangers,"8,00 mln €",GB2,2022
Isaac Hayden,Norwich City,"8,00 mln €",GB2,2022
Joe Gelhardt,AFC Sunderland,"8,00 mln €",GB2,2022
Matheus Martins,FC Watford,"7,00 mln €",GB2,2022
Liam Delap,Preston North End,"7,00 mln €",GB2,2022
Taylor Harwood-Bellis,FC Burnley,"7,00 mln €",GB2,2022
Hannibal,Birmingham City,"6,00 mln €",GB2,2022
Zack Steffen,FC Middlesbrough,"6,00 mln €",GB2,2022
Axel Tuanzebe,Stoke City,"6,00 mln €",GB2,2022
Ian Maatsen,FC Burnley,"5,00 mln €",GB2,2022
Sorba Thomas,Blackburn Rovers,"5,00 mln €",GB2,2022
Marvelous Nakamba,Luton Town,"5,00 mln €",GB2,2022
Ethan Laird,Queens Park Rangers,"5,00 mln €",GB2,2022
Jeff Hendrick,FC Reading,"5,00 mln €",GB2,2022
Aaron Connolly,Hull City,"5,00 mln €",GB2,2022
Henrique Araújo,FC Watford,"5,00 mln €",GB2,2022
Rodrigo Muniz,FC Middlesbrough,"5,00 mln €",GB2,2022
Troy Parrott,Preston North End,"5,00 mln €",GB2,2022
Jordan Beyer,FC Burnley,"4,50 mln €",GB2,2022
Dimitrios Pelkas,Hull City,"4,50 mln €",GB2,2022
Mamadou Loum,FC Reading,"4,00 mln €",GB2,2022
Ki-Jana Hoever,Stoke City,"4,00 mln €",GB2,2022
Kortney Hause,FC Watford,"4,00 mln €",GB2,2022
Krystian Bielik,Birmingham City,"4,00 mln €",GB2,2022
Michael Obafemi,FC Burnley,"4,00 mln €",GB2,2022
Hamza Choudhury,FC Watford,"4,00 mln €",GB2,2022
Hassane Kamara,FC Watford,"4,00 mln €",GB2,2022
Rhys Williams,FC Blackpool,"4,00 mln €",GB2,2022
Callum Styles,FC Millwall,"3,50 mln €",GB2,2022
Tino Anjorin,Huddersfield Town,"3,00 mln €",GB2,2022
James McAtee,Sheffield United,"3,00 mln €",GB2,2022
Halil Dervisoglu,FC Burnley,"3,00 mln €",GB2,2022
Charlie Cresswell,FC Millwall,"3,00 mln €",GB2,2022
Cody Drameh,Luton Town,"3,00 mln €",GB2,2022
Malcolm Ebiowei,Hull City,"3,00 mln €",GB2,2022
Tyler Morton,Blackburn Rovers,"3,00 mln €",GB2,2022
Edouard Michut,AFC Sunderland,"3,00 mln €",GB2,2022
Jaden Philogene,Cardiff City,"3,00 mln €",GB2,2022
Ryan Giles,FC Middlesbrough,"3,00 mln €",GB2,2022
Oliver Burke,FC Millwall,"3,00 mln €",GB2,2022
Bersant Celina,Stoke City,"3,00 mln €",GB2,2022
Aaron Ramsey,FC Middlesbrough,"3,00 mln €",GB2,2022
Jamie Shackleton,FC Millwall,"2,50 mln €",GB2,2022
Jonathan Panzo,Coventry City,"2,50 mln €",GB2,2022
Tommy Doyle,Sheffield United,"2,50 mln €",GB2,2022
Tim Iroegbunam,Queens Park Rangers,"2,50 mln €",GB2,2022
Sory Kaba,Cardiff City,"2,50 mln €",GB2,2022
Ben Pearson,Stoke City,"2,50 mln €",GB2,2022
Keinan Davis,FC Watford,"2,50 mln €",GB2,2022
Niels Nkounkou,Cardiff City,"2,20 mln €",GB2,2022
Abdul-Rahman Baba,FC Reading,"2,20 mln €",GB2,2022
Tariqe Fosu,Stoke City,"2,00 mln €",GB2,2022
Ian Poveda,FC Blackpool,"2,00 mln €",GB2,2022
Álvaro Fernandez,Preston North End,"2,00 mln €",GB2,2022
Marc Albrighton,West Bromwich Albion,"2,00 mln €",GB2,2022
Matija Sarkic,Stoke City,"2,00 mln €",GB2,2022
Auston Trusty,Birmingham City,"2,00 mln €",GB2,2022
Charlie Patino,FC Blackpool,"2,00 mln €",GB2,2022
Josh Bowler,FC Blackpool,"2,00 mln €",GB2,2022
Will Smallbone,Stoke City,"2,00 mln €",GB2,2022
Tariqe Fosu,Rotherham United,"2,00 mln €",GB2,2022
Karl Darlow,Hull City,"1,80 mln €",GB2,2022
Nathan Tella,FC Burnley,"1,80 mln €",GB2,2022
Morgan Rogers,FC Blackpool,"1,80 mln €",GB2,2022
Domingos Quina,Rotherham United,"1,80 mln €",GB2,2022
Ciaran Clark,Sheffield United,"1,80 mln €",GB2,2022
Przemyslaw Placheta,Birmingham City,"1,80 mln €",GB2,2022
Danel Sinani,Wigan Athletic,"1,50 mln €",GB2,2022
Jamal Lowe,Queens Park Rangers,"1,50 mln €",GB2,2022
Liam Delap,Stoke City,"1,50 mln €",GB2,2022
Gavin Kilkenny,Stoke City,"1,50 mln €",GB2,2022
Ashley Fletcher,Wigan Athletic,"1,20 mln €",GB2,2022
Anthony Knockaert,Huddersfield Town,"1,20 mln €",GB2,2022
Brooke Norton-Cuffy,Coventry City,"1,20 mln €",GB2,2022
Aaron Ramsey,Norwich City,"1,00 mln €",GB2,2022
Grant Hall,Rotherham United,"1,00 mln €",GB2,2022
Clinton Mola,Blackburn Rovers,"1,00 mln €",GB2,2022
Cesare Casadei,FC Reading,"1,00 mln €",GB2,2022
Theo Corbeanu,FC Blackpool,"1,00 mln €",GB2,2022
Dujon Sterling,Stoke City,"1,00 mln €",GB2,2022
Conor Coventry,Rotherham United,"1,00 mln €",GB2,2022
Joe Lumley,FC Reading,"1,00 mln €",GB2,2022
Reda Khadra,Birmingham City,"1,00 mln €",GB2,2022
Reda Khadra,Sheffield United,"1,00 mln €",GB2,2022
Josh Wilson-Esbrand,Coventry City,"1,00 mln €",GB2,2022
Luke McNally,Coventry City,900 tys. €,GB2,2022
Luke Cundle,Swansea City,800 tys. €,GB2,2022
Christ Tiehi,Wigan Athletic,800 tys. €,GB2,2022
Miguel Azeez,Wigan Athletic,800 tys. €,GB2,2022
George Hirst,Blackburn Rovers,800 tys. €,GB2,2022
Cédric Kipré,Cardiff City,800 tys. €,GB2,2022
Ethan Horvath,Luton Town,800 tys. €,GB2,2022
Leo Fuhr Hjelde,Rotherham United,800 tys. €,GB2,2022
Omar Rekik,Wigan Athletic,800 tys. €,GB2,2022
Scott High,Rotherham United,800 tys. €,GB2,2022
Charlie Goode,FC Blackpool,800 tys. €,GB2,2022
Bailey Wright,Rotherham United,700 tys. €,GB2,2022
Ellis Simms,AFC Sunderland,600 tys. €,GB2,2022
Luke Mbete,Huddersfield Town,600 tys. €,GB2,2022
Rarmani Edmonds-Green,Wigan Athletic,600 tys. €,GB2,2022
Dion Sanderson,Birmingham City,600 tys. €,GB2,2022
Lewis Fiorini,FC Blackpool,600 tys. €,GB2,2022
Callum Doyle,Coventry City,600 tys. €,GB2,2022
Nathan Broadhead,Wigan Athletic,500 tys. €,GB2,2022
Joseph Hungbo,Huddersfield Town,450 tys. €,GB2,2022
Brooke Norton-Cuffy,Rotherham United,400 tys. €,GB2,2022
Taylor Richards,Queens Park Rangers,400 tys. €,GB2,2022
Harvey Vale,Hull City,400 tys. €,GB2,2022
Fin Stevens,Swansea City,400 tys. €,GB2,2022
Matthew Lowton,Huddersfield Town,400 tys. €,GB2,2022
Harry Clarke,Stoke City,350 tys. €,GB2,2022
Matthew Sorinola,Swansea City,350 tys. €,GB2,2022
Jordan Smith,Huddersfield Town,300 tys. €,GB2,2022
Kaine Kesler-Hayden,Huddersfield Town,300 tys. €,GB2,2022
Xavier Simons,Hull City,300 tys. €,GB2,2022
Martyn Waghorn,Huddersfield Town,300 tys. €,GB2,2022
Emmanuel Longelo,Birmingham City,150 tys. €,GB2,2022
Tyrese Fornah,FC Reading,-,GB2,2022
Salah-Eddine Oulad M'Hand,Hull City,-,GB2,2022
Thomas Cannon,Preston North End,-,GB2,2022
Tayo Adaramola,Coventry City,-,GB2,2022
Armstrong Oko-Flex,Swansea City,-,GB2,2022
Shola Shoretire,Bolton Wanderers,"4,00 mln €",GB3,2022
Di'Shon Bernard,FC Portsmouth,"3,50 mln €",GB3,2022
Luke Mbete,Bolton Wanderers,"2,00 mln €",GB3,2022
Tom Edwards,FC Barnsley,"2,00 mln €",GB3,2022
Josh Koroma,FC Portsmouth,"2,00 mln €",GB3,2022
Steven Sessegnon,Charlton Athletic,"1,50 mln €",GB3,2022
Mark McGuinness,Sheffield Wednesday,"1,20 mln €",GB3,2022
Dan N'Lundulu,Cheltenham Town,"1,20 mln €",GB3,2022
Dan N'Lundulu,Bolton Wanderers,"1,20 mln €",GB3,2022
Myles Peart-Harris,Forest Green Rovers,"1,00 mln €",GB3,2022
Dynel Simeu,FC Morecambe,"1,00 mln €",GB3,2022
Lewis Bate,Oxford United,"1,00 mln €",GB3,2022
Louie Barry,Milton Keynes Dons,"1,00 mln €",GB3,2022
Conor Bradley,Bolton Wanderers,"1,00 mln €",GB3,2022
Sam Cosgrove,Plymouth Argyle,"1,00 mln €",GB3,2022
Morgan Whittaker,Plymouth Argyle,"1,00 mln €",GB3,2022
Tashan Oakley-Boothe,Lincoln City,900 tys. €,GB3,2022
George Hirst,Ipswich Town,800 tys. €,GB3,2022
Taylor Moore,Shrewsbury Town,800 tys. €,GB3,2022
Henry Lawrence,Milton Keynes Dons,800 tys. €,GB3,2022
Tyreece John-Jules,Ipswich Town,800 tys. €,GB3,2022
Rekeem Harper,Exeter City,800 tys. €,GB3,2022
Josh Martin,FC Barnsley,800 tys. €,GB3,2022
Slobodan Tedic,FC Barnsley,750 tys. €,GB3,2022
Gavin Kilkenny,Charlton Athletic,700 tys. €,GB3,2022
Alex Mighten,Sheffield Wednesday,600 tys. €,GB3,2022
Luke Plange,Lincoln City,600 tys. €,GB3,2022
Harvey White,Derby County,600 tys. €,GB3,2022
Aden Flint,Sheffield Wednesday,600 tys. €,GB3,2022
Jordon Garrick,Lincoln City,600 tys. €,GB3,2022
Matty Taylor,Port Vale FC,600 tys. €,GB3,2022
Reece James,Sheffield Wednesday,600 tys. €,GB3,2022
Charlie Savage,Forest Green Rovers,600 tys. €,GB3,2022
Nathanael Ogbeta,Peterborough United,500 tys. €,GB3,2022
Josh Coburn,Bristol Rovers,500 tys. €,GB3,2022
Jesurun Rak-Sakyi,Charlton Athletic,500 tys. €,GB3,2022
Liam McCarron,Port Vale FC,500 tys. €,GB3,2022
Haydon Roberts,Derby County,500 tys. €,GB3,2022
Josh Griffiths,FC Portsmouth,500 tys. €,GB3,2022
Lewis Gibson,Bristol Rovers,500 tys. €,GB3,2022
Jay Stansfield,Exeter City,500 tys. €,GB3,2022
Carl Winchester,Shrewsbury Town,500 tys. €,GB3,2022
Chem Campbell,Wycombe Wanderers,500 tys. €,GB3,2022
Luke Southwood,Cheltenham Town,500 tys. €,GB3,2022
Tyler Onyango,Forest Green Rovers,450 tys. €,GB3,2022
Anthony Stewart,Milton Keynes Dons,400 tys. €,GB3,2022
Max Watters,FC Barnsley,400 tys. €,GB3,2022
Owen Dale,FC Portsmouth,400 tys. €,GB3,2022
Owen Beck,Bolton Wanderers,400 tys. €,GB3,2022
Jay Matete,Plymouth Argyle,400 tys. €,GB3,2022
Jordan Amissah,Burton Albion,400 tys. €,GB3,2022
Charlie Kirk,Burton Albion,400 tys. €,GB3,2022
Admiral Muskwe,Fleetwood Town,400 tys. €,GB3,2022
Bali Mumba,Plymouth Argyle,400 tys. €,GB3,2022
Todd Kane,Charlton Athletic,400 tys. €,GB3,2022
Steve Seddon,Cambridge United,350 tys. €,GB3,2022
Dale Taylor,Burton Albion,350 tys. €,GB3,2022
Julien Da Costa,Shrewsbury Town,300 tys. €,GB3,2022
Liam Shaw,FC Morecambe,300 tys. €,GB3,2022
Lewis Dobbin,Derby County,300 tys. €,GB3,2022
Tyler Smith,Oxford United,300 tys. €,GB3,2022
Mipo Odubeko,Port Vale FC,300 tys. €,GB3,2022
Brandon Fleming,Oxford United,300 tys. €,GB3,2022
Elliot Thorpe,Burton Albion,300 tys. €,GB3,2022
Nigel Lonwijk,Plymouth Argyle,300 tys. €,GB3,2022
Matt Macey,FC Portsmouth,300 tys. €,GB3,2022
Lamare Bogarde,Bristol Rovers,300 tys. €,GB3,2022
Jamie Cumming,Milton Keynes Dons,300 tys. €,GB3,2022
Conor McGrandles,Cambridge United,300 tys. €,GB3,2022
Kyle Joseph,Oxford United,300 tys. €,GB3,2022
Glen Rea,Cheltenham Town,300 tys. €,GB3,2022
Jasper Moon,Burton Albion,300 tys. €,GB3,2022
Ellery Balcombe,Bristol Rovers,300 tys. €,GB3,2022
Brandon Cooper,Forest Green Rovers,300 tys. €,GB3,2022
Olamide Shodipo,Lincoln City,250 tys. €,GB3,2022
Matt Penney,Charlton Athletic,250 tys. €,GB3,2022
Oliver Casey,Forest Green Rovers,250 tys. €,GB3,2022
Harry Isted,FC Barnsley,250 tys. €,GB3,2022
Caleb Taylor,Cheltenham Town,250 tys. €,GB3,2022
Elkan Baggott,Cheltenham Town,250 tys. €,GB3,2022
Caleb Watts,FC Morecambe,250 tys. €,GB3,2022
Sam Lavelle,Burton Albion,250 tys. €,GB3,2022
Carlos Mendes,Fleetwood Town,250 tys. €,GB3,2022
Dane Scarlett,FC Portsmouth,250 tys. €,GB3,2022
Jahmari Clarke,Forest Green Rovers,250 tys. €,GB3,2022
Sylvester Jasper,Bristol Rovers,250 tys. €,GB3,2022
Christian Marques,Forest Green Rovers,200 tys. €,GB3,2022
Aaron Donnelly,Port Vale FC,200 tys. €,GB3,2022
Luke McGee,Derby County,200 tys. €,GB3,2022
Dennis Politic,Port Vale FC,200 tys. €,GB3,2022
Viljami Sinisalo,Burton Albion,200 tys. €,GB3,2022
Bryan Fiabema,Forest Green Rovers,200 tys. €,GB3,2022
Harvey Cartwright,Peterborough United,200 tys. €,GB3,2022
Kieran Phillips,FC Morecambe,200 tys. €,GB3,2022
Jakub Stolarczyk,Fleetwood Town,200 tys. €,GB3,2022
Tyler Onyango,Burton Albion,200 tys. €,GB3,2022
Gassan Ahadme,Burton Albion,200 tys. €,GB3,2022
Paris Maghoma,Milton Keynes Dons,200 tys. €,GB3,2022
Jack Stevens,Port Vale FC,200 tys. €,GB3,2022
Matty Virtue,Lincoln City,200 tys. €,GB3,2022
Daniel Butterworth,Port Vale FC,200 tys. €,GB3,2022
Will Norris,Peterborough United,200 tys. €,GB3,2022
Harvey Cartwright,Wycombe Wanderers,200 tys. €,GB3,2022
Bobby Thomas,Bristol Rovers,150 tys. €,GB3,2022
Bobby Thomas,FC Barnsley,150 tys. €,GB3,2022
Jensen Weir,FC Morecambe,150 tys. €,GB3,2022
Kgaogelo Chauke,Exeter City,150 tys. €,GB3,2022
Ateef Konaté,Oxford United,150 tys. €,GB3,2022
Joshua Kayode,Milton Keynes Dons,150 tys. €,GB3,2022
Aaron Pressley,Accrington Stanley,100 tys. €,GB3,2022
Corrie Ndaba,Fleetwood Town,100 tys. €,GB3,2022
Josh Austerfield,FC Morecambe,100 tys. €,GB3,2022
Jökull Andrésson,Exeter City,100 tys. €,GB3,2022
Harry Boyes,Lincoln City,100 tys. €,GB3,2022
Thierry Small,Port Vale FC,100 tys. €,GB3,2022
Jack Diamond,Lincoln City,100 tys. €,GB3,2022
Joe Pigott,FC Portsmouth,100 tys. €,GB3,2022
Joseph Anang,Derby County,100 tys. €,GB3,2022
Corrie Ndaba,Burton Albion,100 tys. €,GB3,2022
Killian Phillips,Shrewsbury Town,75 tys. €,GB3,2022
Doug Tharme,Accrington Stanley,50 tys. €,GB3,2022
Harry Smith,Exeter City,50 tys. €,GB3,2022
Christian Saydee,Shrewsbury Town,50 tys. €,GB3,2022
Lukas Jensen,Accrington Stanley,50 tys. €,GB3,2022
Kabongo Tshimanga,Peterborough United,-,GB3,2022
William Osula,Derby County,-,GB3,2022
Lucas Bergström,Peterborough United,-,GB3,2022
Ziyad Larkeche,FC Barnsley,-,GB3,2022
Daniel Oyegoke,Milton Keynes Dons,-,GB3,2022
Robert Street,Shrewsbury Town,-,GB3,2022
Ryan Astley,Accrington Stanley,-,GB3,2022
Jarell Quansah,Bristol Rovers,-,GB3,2022
Nathan Butler-Oyedeji,Accrington Stanley,-,GB3,2022
Carl Rushworth,Lincoln City,-,GB3,2022
Quévin Castro,Burton Albion,-,GB3,2022
Harry Boyes,Forest Green Rovers,-,GB3,2022
Lewis Warrington,Fleetwood Town,-,GB3,2022
Taylor Perry,Cheltenham Town,-,GB3,2022
Zac Ashworth,Burton Albion,-,GB3,2022
Finn Azaz,Plymouth Argyle,-,GB3,2022
Michael Mellon,FC Morecambe,-,GB3,2022
Joe White,Exeter City,-,GB3,2022
James Taylor,Cheltenham Town,-,GB3,2022
Tony Springett,Derby County,-,GB3,2022
Kell Watts,Peterborough United,-,GB3,2022
Matty Longstaff,Colchester United,"1,80 mln €",GB4,2022
Arthur Okonkwo,Crewe Alexandra,"1,50 mln €",GB4,2022
Louie Barry,Salford City,"1,00 mln €",GB4,2022
Dynel Simeu,Tranmere Rovers,"1,00 mln €",GB4,2022
Ethan Galbraith,Salford City,800 tys. €,GB4,2022
Luke Jephcott,Swindon Town,700 tys. €,GB4,2022
Aiden O'Brien,FC Gillingham,600 tys. €,GB4,2022
Ryan Schofield,Crawley Town,500 tys. €,GB4,2022
Adam Lewis,Newport County,500 tys. €,GB4,2022
Toby Savin,FC Stevenage,450 tys. €,GB4,2022
Daryl Horgan,FC Stevenage,450 tys. €,GB4,2022
D'Mani Mellor,AFC Rochdale,450 tys. €,GB4,2022
Dean Campbell,FC Stevenage,425 tys. €,GB4,2022
Paul Glatzel,Tranmere Rovers,400 tys. €,GB4,2022
D'Margio Wright-Phillips,Northampton Town,400 tys. €,GB4,2022
Diallang Jaiyesimi,AFC Wimbledon,400 tys. €,GB4,2022
Tete Yengi,Northampton Town,400 tys. €,GB4,2022
Alex Gilbey,FC Stevenage,400 tys. €,GB4,2022
Jamie McCart,Leyton Orient,400 tys. €,GB4,2022
Logan Chalmers,Tranmere Rovers,375 tys. €,GB4,2022
Josh Eppiah,Northampton Town,350 tys. €,GB4,2022
Mathew Stevens,FC Walsall,350 tys. €,GB4,2022
Teddy Jenks,Crawley Town,325 tys. €,GB4,2022
Jack Hamilton,Hartlepool United,325 tys. €,GB4,2022
Marc Leonard,Northampton Town,300 tys. €,GB4,2022
Christy Pym,Mansfield Town,300 tys. €,GB4,2022
Dan Kemp,Hartlepool United,300 tys. €,GB4,2022
Kasey McAteer,AFC Wimbledon,300 tys. €,GB4,2022
Clarke Oduor,Hartlepool United,300 tys. €,GB4,2022
Max Woltman,Doncaster Rovers,300 tys. €,GB4,2022
Danny Johnson,FC Walsall,300 tys. €,GB4,2022
Dara Costelloe,Bradford City,300 tys. €,GB4,2022
Romoney Crichlow,Bradford City,300 tys. €,GB4,2022
Ashley Maynard-Brewer,FC Gillingham,300 tys. €,GB4,2022
Jack Stretton,Carlisle United,300 tys. €,GB4,2022
Conor Masterson,FC Gillingham,300 tys. €,GB4,2022
Regan Hendry,Tranmere Rovers,300 tys. €,GB4,2022
Ellery Balcombe,Crawley Town,300 tys. €,GB4,2022
Kieran Sadlier,Leyton Orient,300 tys. €,GB4,2022
Matty Daly,Harrogate Town,250 tys. €,GB4,2022
David Ajiboye,Sutton United,250 tys. €,GB4,2022
Charlie Lakin,Doncaster Rovers,250 tys. €,GB4,2022
Hakeeb Adelakun,FC Gillingham,250 tys. €,GB4,2022
Dion Pereira,Bradford City,250 tys. €,GB4,2022
Daniel Adshead,AFC Rochdale,250 tys. €,GB4,2022
Saikou Janneh,AFC Wimbledon,250 tys. €,GB4,2022
Dan Chesters,Colchester United,250 tys. €,GB4,2022
Keyendrah Simmonds,Grimsby Town,250 tys. €,GB4,2022
Scott Banks,Bradford City,250 tys. €,GB4,2022
Josh Reid,FC Stevenage,250 tys. €,GB4,2022
Kazeem Olaigbe,Harrogate Town,225 tys. €,GB4,2022
Caleb Chukwuemeka,Crawley Town,200 tys. €,GB4,2022
Lewis Richardson,Grimsby Town,200 tys. €,GB4,2022
Jakub Stolarczyk,Hartlepool United,200 tys. €,GB4,2022
Aaron Rowe,Stockport County,200 tys. €,GB4,2022
Alex Cairns,Hartlepool United,200 tys. €,GB4,2022
Ed Turns,Leyton Orient,200 tys. €,GB4,2022
Charlie McNeill,Newport County,200 tys. €,GB4,2022
Rayhaan Tulloch,AFC Rochdale,200 tys. €,GB4,2022
Luke Robinson,Tranmere Rovers,200 tys. €,GB4,2022
Kwesi Appiah,Colchester United,200 tys. €,GB4,2022
Paris Maghoma,AFC Wimbledon,200 tys. €,GB4,2022
Charlie Kelman,Leyton Orient,200 tys. €,GB4,2022
Alex Cairns,Salford City,200 tys. €,GB4,2022
Joe Grayson,Stockport County,175 tys. €,GB4,2022
Tom Eastman,Harrogate Town,150 tys. €,GB4,2022
Jonathan Tomkinson,FC Stevenage,150 tys. €,GB4,2022
Hayden Lindley,Newport County,150 tys. €,GB4,2022
Jackson Smith,FC Walsall,150 tys. €,GB4,2022
Idris El Mizouni,Leyton Orient,150 tys. €,GB4,2022
Jack Jenkins,Salford City,150 tys. €,GB4,2022
Femi Seriki,AFC Rochdale,150 tys. €,GB4,2022
Lachlan Brook,Crewe Alexandra,150 tys. €,GB4,2022
Bez Lubala,Colchester United,150 tys. €,GB4,2022
Ryan Finnigan,Crewe Alexandra,150 tys. €,GB4,2022
Ciaran Brennan,Swindon Town,150 tys. €,GB4,2022
George Lloyd,Grimsby Town,150 tys. €,GB4,2022
Joe Tomlinson,Swindon Town,150 tys. €,GB4,2022
Jack Spong,Crawley Town,150 tys. €,GB4,2022
Sol Brynn,Swindon Town,150 tys. €,GB4,2022
Tolaji Bola,Bradford City,150 tys. €,GB4,2022
Matthew Dennis,Sutton United,150 tys. €,GB4,2022
Danny Grant,Harrogate Town,150 tys. €,GB4,2022
Ryley Towler,AFC Wimbledon,100 tys. €,GB4,2022
Matty Dolan,Hartlepool United,100 tys. €,GB4,2022
Jake Eastwood,AFC Rochdale,100 tys. €,GB4,2022
Josh Neufville,Sutton United,100 tys. €,GB4,2022
Yann Songo'o,FC Walsall,100 tys. €,GB4,2022
Tyla Dickinson,Sutton United,100 tys. €,GB4,2022
Flynn Clarke,FC Walsall,100 tys. €,GB4,2022
Thomas Dickson-Peters,Grimsby Town,100 tys. €,GB4,2022
Frazer Blake-Tracy,Swindon Town,100 tys. €,GB4,2022
Josh Coley,Harrogate Town,100 tys. €,GB4,2022
Armani Little,AFC Wimbledon,100 tys. €,GB4,2022
James Brown,Doncaster Rovers,100 tys. €,GB4,2022
Jökull Andrésson,FC Stevenage,100 tys. €,GB4,2022
James Brown,Stockport County,100 tys. €,GB4,2022
Khanya Leshabela,Crewe Alexandra,100 tys. €,GB4,2022
Haji Mnoga,FC Gillingham,100 tys. €,GB4,2022
Charlie Owens,Colchester United,100 tys. €,GB4,2022
Vitezslav Jaros,Stockport County,100 tys. €,GB4,2022
Aribim Pepple,Grimsby Town,75 tys. €,GB4,2022
Jacob Chapman,Salford City,75 tys. €,GB4,2022
Robbie Willmott,FC Walsall,50 tys. €,GB4,2022
Glenn Morris,FC Gillingham,50 tys. €,GB4,2022
Chanka Zimba,Newport County,50 tys. €,GB4,2022
Stephen Duke-McKenna,Leyton Orient,50 tys. €,GB4,2022
Charley Kendall,Sutton United,50 tys. €,GB4,2022
Kian Harratt,Bradford City,50 tys. €,GB4,2022
Sonny Hilton,Carlisle United,25 tys. €,GB4,2022
Matty Foulds,Harrogate Town,-,GB4,2022
Sam Pearson,AFC Wimbledon,-,GB4,2022
Scott Quigley,AFC Rochdale,-,GB4,2022
Tristan Abrahams,FC Gillingham,-,GB4,2022
Duncan Idehen,Carlisle United,-,GB4,2022
Jayden Wareham,Leyton Orient,-,GB4,2022
Cieran Slicker,AFC Rochdale,-,GB4,2022
Taye Ashby-Hammond,FC Stevenage,-,GB4,2022
David Robson,Crawley Town,-,GB4,2022
Danny Cashman,FC Walsall,-,GB4,2022
Jay Turner-Cooke,Tranmere Rovers,-,GB4,2022
Riley Harbottle,Mansfield Town,-,GB4,2022
Mikey O'Neill,Grimsby Town,-,GB4,2022
Tayt-Lemar Trusty,Hartlepool United,-,GB4,2022
Taylor Foran,Hartlepool United,-,GB4,2022
Josh Andrews,Doncaster Rovers,-,GB4,2022
Nathan Moriah-Welsh,Newport County,-,GB4,2022
Dylan Kadji,Swindon Town,-,GB4,2022
Connor Wood,Colchester United,-,GB4,2022
Rollin Menayese,Hartlepool United,-,GB4,2022
Ben Nelson,AFC Rochdale,-,GB4,2022
John McAtee,Grimsby Town,-,GB4,2022
Alfie McCalmont,Carlisle United,-,GB4,2022
Ben Nelson,Doncaster Rovers,-,GB4,2022
Tom Smith,Colchester United,-,GB4,2022
Joe Low,FC Walsall,-,GB4,2022
Nathan Young-Coombes,AFC Wimbledon,-,GB4,2022
Joe O'Shaughnessy,Bradford City,-,GB4,2022
Liam Bennett,FC Walsall,-,GB4,2022
Jake Young,AFC Barrow,-,GB4,2022
Matthew Baker,Newport County,-,GB4,2022
Giosue Bellagambi,Salford City,-,GB4,2022
Elkan Baggott,FC Gillingham,-,GB4,2022
Mazeed Ogungbo,Crawley Town,-,GB4,2022
Owen Dodgson,AFC Rochdale,-,GB4,2022
Lorent Tolaj,Salford City,-,GB4,2022
James Balagizi,Crawley Town,-,GB4,2022
Will Swan,Mansfield Town,-,GB4,2022
Fin Back,Carlisle United,-,GB4,2022
Brendan Kiernan,Grimsby Town,-,GB4,2022
Jack Robinson,Carlisle United,-,GB4,2022
Ryan Law,FC Gillingham,-,GB4,2022
Andy Smith,Grimsby Town,-,GB4,2022
Jaheim Headley,Harrogate Town,-,GB4,2022
Ben Barclay,Carlisle United,-,GB4,2022
Saxon Earley,FC Stevenage,-,GB4,2022
Todd Miller,Doncaster Rovers,-,GB4,2022
James Beadle,Crewe Alexandra,-,GB4,2022
Sam McClelland,AFC Barrow,-,GB4,2022
Thierry Nevers,Newport County,-,GB4,2022
Douglas James-Taylor,FC Walsall,-,GB4,2022
Tyreik Wright,Bradford City,-,GB4,2022
Tom Fellows,Crawley Town,-,GB4,2022
Kieron Bowie,Northampton Town,-,GB4,2022
Lewis Richards,Harrogate Town,-,GB4,2022
Sean Robertson,Crewe Alexandra,-,GB4,2022
Harrison Neal,AFC Barrow,-,GB4,2022
Calum Kavanagh,Newport County,-,GB4,2022
Eli King,Crewe Alexandra,-,GB4,2022
John-Kymani Gordon,Carlisle United,-,GB4,2022
Ellis Taylor,Hartlepool United,-,GB4,2022
Kyle Hudlin,AFC Wimbledon,-,GB4,2022
Thierry Nevers,Bradford City,-,GB4,2022
Todd Cantwell,AFC Bournemouth,"20,00 mln €",GB2,2021
Abdallah Sima,Stoke City,"11,00 mln €",GB2,2021
Freddie Woodman,AFC Bournemouth,"10,00 mln €",GB2,2021
Neco Williams,FC Fulham,"8,00 mln €",GB2,2021
Nathaniel Phillips,AFC Bournemouth,"8,00 mln €",GB2,2021
Filip Uremovic,Sheffield United,"7,00 mln €",GB2,2021
Morgan Gibbs-White,Sheffield United,"7,00 mln €",GB2,2021
Aaron Connolly,FC Middlesbrough,"7,00 mln €",GB2,2021
Jeff Hendrick,Queens Park Rangers,"7,00 mln €",GB2,2021
Ethan Laird,AFC Bournemouth,"5,00 mln €",GB2,2021
Rhys Williams,Swansea City,"5,00 mln €",GB2,2021
Andraz Sporar,FC Middlesbrough,"5,00 mln €",GB2,2021
Hannes Wolf,Swansea City,"5,00 mln €",GB2,2021
Oliver Burke,FC Millwall,"5,00 mln €",GB2,2021
Marcus Forss,Hull City,"4,50 mln €",GB2,2021
Andre Gray,Queens Park Rangers,"4,00 mln €",GB2,2021
Tahith Chong,Birmingham City,"4,00 mln €",GB2,2021
Josh Maja,Stoke City,"4,00 mln €",GB2,2021
Folarin Balogun,FC Middlesbrough,"4,00 mln €",GB2,2021
James Léa Siliki,FC Middlesbrough,"4,00 mln €",GB2,2021
James Garner,Nottingham Forest,"4,00 mln €",GB2,2021
Deyovaisio Zeefuik,Blackburn Rovers,"3,50 mln €",GB2,2021
Liam Moore,Stoke City,"3,50 mln €",GB2,2021
Conor Hourihane,Sheffield United,"3,50 mln €",GB2,2021
Sam McCallum,Queens Park Rangers,"3,50 mln €",GB2,2021
Domingos Quina,FC Fulham,"3,00 mln €",GB2,2021
Keinan Davis,Nottingham Forest,"3,00 mln €",GB2,2021
Taylor Harwood-Bellis,Stoke City,"3,00 mln €",GB2,2021
Danny Drinkwater,FC Reading,"3,00 mln €",GB2,2021
Allahyar Sayyadmanesh,Hull City,"3,00 mln €",GB2,2021
Robin Olsen,Sheffield United,"3,00 mln €",GB2,2021
Philip Zinckernagel,Nottingham Forest,"3,00 mln €",GB2,2021
Josh Murphy,Preston North End,"3,00 mln €",GB2,2021
Tino Anjorin,Huddersfield Town,"3,00 mln €",GB2,2021
Ben Davies,Sheffield United,"3,00 mln €",GB2,2021
Max Lowe,Nottingham Forest,"3,00 mln €",GB2,2021
Sheyi Ojo,FC Millwall,"3,00 mln €",GB2,2021
Leo Östigard,Stoke City,"3,00 mln €",GB2,2021
Matt Clarke,West Bromwich Albion,"3,00 mln €",GB2,2021
Abdul-Rahman Baba,FC Reading,"2,50 mln €",GB2,2021
Domingos Quina,FC Barnsley,"2,50 mln €",GB2,2021
Jan Paul van Hecke,Blackburn Rovers,"2,20 mln €",GB2,2021
Ryan Giles,Blackburn Rovers,"2,00 mln €",GB2,2021
Onel Hernández,FC Middlesbrough,"2,00 mln €",GB2,2021
Romaine Sawyers,Stoke City,"2,00 mln €",GB2,2021
Jake Clarke-Salter,Coventry City,"2,00 mln €",GB2,2021
Djed Spence,Nottingham Forest,"2,00 mln €",GB2,2021
Teden Mengi,Birmingham City,"2,00 mln €",GB2,2021
Jordan Hugill,West Bromwich Albion,"2,00 mln €",GB2,2021
Amine Bassi,FC Barnsley,"1,80 mln €",GB2,2021
Ethan Laird,Swansea City,"1,80 mln €",GB2,2021
Jordan Hugill,Cardiff City,"1,80 mln €",GB2,2021
Benik Afobe,FC Millwall,"1,80 mln €",GB2,2021
Ian Poveda,Blackburn Rovers,"1,50 mln €",GB2,2021
Onel Hernández,Birmingham City,"1,50 mln €",GB2,2021
Ryan Giles,Cardiff City,"1,30 mln €",GB2,2021
Morgan Rogers,AFC Bournemouth,"1,30 mln €",GB2,2021
Luke Freeman,FC Millwall,"1,20 mln €",GB2,2021
Jordi Osei-Tutu,Nottingham Forest,"1,20 mln €",GB2,2021
Hayden Coulson,Peterborough United,"1,20 mln €",GB2,2021
Daniel Iversen,Preston North End,"1,20 mln €",GB2,2021
Charlie Goode,Sheffield United,"1,00 mln €",GB2,2021
Matt Smith,Hull City,"1,00 mln €",GB2,2021
Cody Drameh,Cardiff City,"1,00 mln €",GB2,2021
Tom Ince,FC Reading,"1,00 mln €",GB2,2021
Di'Shon Bernard,Hull City,"1,00 mln €",GB2,2021
Tommy Doyle,Cardiff City,"1,00 mln €",GB2,2021
Rémy Vita,FC Barnsley,"1,00 mln €",GB2,2021
Jayson Molumby,West Bromwich Albion,"1,00 mln €",GB2,2021
Cyrus Christie,Swansea City,"1,00 mln €",GB2,2021
Dujon Sterling,FC Blackpool,900 tys. €,GB2,2021
Uche Ikpeazu,Cardiff City,800 tys. €,GB2,2021
Leif Davis,AFC Bournemouth,800 tys. €,GB2,2021
Jed Steer,Luton Town,800 tys. €,GB2,2021
Alfie Doughty,Cardiff City,700 tys. €,GB2,2021
Lyle Taylor,Birmingham City,700 tys. €,GB2,2021
Juan Familia-Castillo,Birmingham City,700 tys. €,GB2,2021
Tom Dele-Bashiru,FC Reading,700 tys. €,GB2,2021
Matt Ingram,Luton Town,600 tys. €,GB2,2021
Danel Sinani,Huddersfield Town,550 tys. €,GB2,2021
Charlie Kirk,FC Blackpool,500 tys. €,GB2,2021
Jaden Philogene,Stoke City,500 tys. €,GB2,2021
Cameron Archer,Preston North End,500 tys. €,GB2,2021
Bali Mumba,Peterborough United,500 tys. €,GB2,2021
Karl Hein,FC Reading,450 tys. €,GB2,2021
Claudio Gomes,FC Barnsley,450 tys. €,GB2,2021
Liam Walsh,Hull City,400 tys. €,GB2,2021
Taylor Richards,Birmingham City,400 tys. €,GB2,2021
Finley Burns,Swansea City,300 tys. €,GB2,2021
Dion Sanderson,Queens Park Rangers,300 tys. €,GB2,2021
Nathan Baxter,Hull City,300 tys. €,GB2,2021
Steven Benda,Peterborough United,250 tys. €,GB2,2021
Reece Brown,Peterborough United,250 tys. €,GB2,2021
Mipo Odubeko,Huddersfield Town,250 tys. €,GB2,2021
Alex Palmer,Luton Town,250 tys. €,GB2,2021
Conor Coventry,Peterborough United,200 tys. €,GB2,2021
Dion Sanderson,Birmingham City,150 tys. €,GB2,2021
Reda Khadra,Blackburn Rovers,150 tys. €,GB2,2021
Leighton Clarkson,Blackburn Rovers,150 tys. €,GB2,2021
Matija Sarkic,Birmingham City,100 tys. €,GB2,2021
Ryan Wintle,FC Blackpool,50 tys. €,GB2,2021
Ryan Longman,Hull City,-,GB2,2021
Owen Dale,FC Blackpool,-,GB2,2021
Luke Plange,Derby County,-,GB2,2021
Callum Morton,Peterborough United,-,GB2,2021
Ian Maatsen,Coventry City,-,GB2,2021
Levi Colwill,Huddersfield Town,-,GB2,2021
Tyreece John-Jules,FC Blackpool,-,GB2,2021
Daniel Ballard,FC Millwall,-,GB2,2021
Jack Clarke,AFC Sunderland,"5,00 mln €",GB3,2021
Troy Parrott,Milton Keynes Dons,"3,60 mln €",GB3,2021
Bersant Celina,Ipswich Town,"3,00 mln €",GB3,2021
Rekeem Harper,Crewe Alexandra,"2,50 mln €",GB3,2021
Harlee Dean,Sheffield Wednesday,"2,00 mln €",GB3,2021
Macauley Bonne,Ipswich Town,"2,00 mln €",GB3,2021
Harry Arter,Charlton Athletic,"2,00 mln €",GB3,2021
Mahlon Romeo,FC Portsmouth,"2,00 mln €",GB3,2021
Lewis Wing,Sheffield Wednesday,"2,00 mln €",GB3,2021
Leon Dajaku,AFC Sunderland,"1,80 mln €",GB3,2021
Steven Sessegnon,Plymouth Argyle,"1,50 mln €",GB3,2021
Sam Cosgrove,Shrewsbury Town,"1,50 mln €",GB3,2021
Sam Cosgrove,AFC Wimbledon,"1,50 mln €",GB3,2021
Jonathan Leko,Charlton Athletic,"1,50 mln €",GB3,2021
Jordan Storey,Sheffield Wednesday,"1,50 mln €",GB3,2021
Dan N'Lundulu,Lincoln City,"1,50 mln €",GB3,2021
Dan N'Lundulu,Cheltenham Town,"1,50 mln €",GB3,2021
Jordi Osei-Tutu,Rotherham United,"1,20 mln €",GB3,2021
Pontus Dahlberg,FC Gillingham,"1,20 mln €",GB3,2021
Will Grigg,Rotherham United,"1,20 mln €",GB3,2021
Pontus Dahlberg,Doncaster Rovers,"1,20 mln €",GB3,2021
Hayden Coulson,Ipswich Town,"1,20 mln €",GB3,2021
Frederik Alves,AFC Sunderland,"1,00 mln €",GB3,2021
Josh Martin,Milton Keynes Dons,"1,00 mln €",GB3,2021
Daniel Jebbison,Burton Albion,"1,00 mln €",GB3,2021
Bailey Peacock-Farrell,Sheffield Wednesday,"1,00 mln €",GB3,2021
Josh Martin,Doncaster Rovers,"1,00 mln €",GB3,2021
Louie Barry,Ipswich Town,"1,00 mln €",GB3,2021
Morgan Whittaker,Lincoln City,"1,00 mln €",GB3,2021
Theo Corbeanu,Milton Keynes Dons,"1,00 mln €",GB3,2021
Tyreeq Bakinson,Ipswich Town,"1,00 mln €",GB3,2021
Aaron Ramsey,Cheltenham Town,"1,00 mln €",GB3,2021
Ethan Galbraith,Doncaster Rovers,900 tys. €,GB3,2021
Gavin Whyte,Oxford United,800 tys. €,GB3,2021
Dominic Thompson,Ipswich Town,800 tys. €,GB3,2021
Christian Walton,Ipswich Town,800 tys. €,GB3,2021
George Hirst,FC Portsmouth,800 tys. €,GB3,2021
Tyreece John-Jules,Sheffield Wednesday,700 tys. €,GB3,2021
Tom Bayliss,Wigan Athletic,700 tys. €,GB3,2021
Herbie Kane,Oxford United,700 tys. €,GB3,2021
Glen Rea,Wigan Athletic,600 tys. €,GB3,2021
Xavier Amaechi,Bolton Wanderers,600 tys. €,GB3,2021
Elliot Lee,Charlton Athletic,600 tys. €,GB3,2021
Ron-Thorben Hoffmann,AFC Sunderland,600 tys. €,GB3,2021
Florian Kamberi,Sheffield Wednesday,550 tys. €,GB3,2021
Tyler Walker,FC Portsmouth,500 tys. €,GB3,2021
Nathan Broadhead,AFC Sunderland,500 tys. €,GB3,2021
Theo Corbeanu,Sheffield Wednesday,500 tys. €,GB3,2021
Lewis Gibson,Sheffield Wednesday,500 tys. €,GB3,2021
Miguel Azeez,FC Portsmouth,500 tys. €,GB3,2021
Rarmani Edmonds-Green,Rotherham United,500 tys. €,GB3,2021
Juan Familia-Castillo,Charlton Athletic,500 tys. €,GB3,2021
Jacob Maddox,Burton Albion,500 tys. €,GB3,2021
Josh Griffiths,Lincoln City,500 tys. €,GB3,2021
Jacob Bedeau,FC Morecambe,450 tys. €,GB3,2021
Harry Chapman,Burton Albion,400 tys. €,GB3,2021
Ciaron Brown,Oxford United,400 tys. €,GB3,2021
Harry Chapman,Burton Albion,400 tys. €,GB3,2021
Ethan Robson,Milton Keynes Dons,400 tys. €,GB3,2021
Josh Harrop,Fleetwood Town,400 tys. €,GB3,2021
Lewis Fiorini,Lincoln City,400 tys. €,GB3,2021
Trevor Carson,FC Morecambe,350 tys. €,GB3,2021
Mipo Odubeko,Doncaster Rovers,300 tys. €,GB3,2021
Jordan Thorniley,Oxford United,300 tys. €,GB3,2021
Jamie Cumming,Milton Keynes Dons,300 tys. €,GB3,2021
Jamie Cumming,FC Gillingham,300 tys. €,GB3,2021
Tomas Holy,Cambridge United,300 tys. €,GB3,2021
Liam Cullen,Lincoln City,300 tys. €,GB3,2021
Conor Masterson,Cambridge United,300 tys. €,GB3,2021
Ellery Balcombe,Burton Albion,300 tys. €,GB3,2021
Joel Mumbongo,Accrington Stanley,300 tys. €,GB3,2021
Conor Coventry,Milton Keynes Dons,300 tys. €,GB3,2021
Conor Masterson,FC Gillingham,300 tys. €,GB3,2021
Romoney Crichlow,Plymouth Argyle,300 tys. €,GB3,2021
Matej Kovar,Burton Albion,250 tys. €,GB3,2021
Hayden Carter,FC Portsmouth,250 tys. €,GB3,2021
Mattie Pollock,Cheltenham Town,250 tys. €,GB3,2021
Kayne Ramsay,Crewe Alexandra,250 tys. €,GB3,2021
Ryan Broom,Plymouth Argyle,250 tys. €,GB3,2021
Jordon Garrick,Plymouth Argyle,250 tys. €,GB3,2021
Kaine Kesler-Hayden,Milton Keynes Dons,250 tys. €,GB3,2021
Peter Kioso,Milton Keynes Dons,200 tys. €,GB3,2021
Rodrigo Vilca,Doncaster Rovers,200 tys. €,GB3,2021
Connal Trueman,Oxford United,200 tys. €,GB3,2021
Daniel Butterworth,Fleetwood Town,200 tys. €,GB3,2021
Charlie Kelman,FC Gillingham,200 tys. €,GB3,2021
Olamide Shodipo,Sheffield Wednesday,200 tys. €,GB3,2021
Dapo Mebude,AFC Wimbledon,200 tys. €,GB3,2021
Charlie Kelman,FC Gillingham,200 tys. €,GB3,2021
Nile John,Charlton Athletic,200 tys. €,GB3,2021
Daniel Adshead,FC Gillingham,200 tys. €,GB3,2021
Max Watters,Milton Keynes Dons,150 tys. €,GB3,2021
Curtis Tilt,Wigan Athletic,150 tys. €,GB3,2021
Jensen Weir,Cambridge United,150 tys. €,GB3,2021
Marcel Lewis,Accrington Stanley,150 tys. €,GB3,2021
Khanya Leshabela,Shrewsbury Town,100 tys. €,GB3,2021
Thomas Dickson-Peters,FC Gillingham,100 tys. €,GB3,2021
Aaron Pressley,AFC Wimbledon,100 tys. €,GB3,2021
Christian Norton,Cheltenham Town,100 tys. €,GB3,2021
Akin Famewo,Charlton Athletic,100 tys. €,GB3,2021
Zak Jules,Fleetwood Town,100 tys. €,GB3,2021
Daniel Phillips,FC Gillingham,100 tys. €,GB3,2021
Kyle Joseph,Cheltenham Town,100 tys. €,GB3,2021
Jake Eastwood,FC Portsmouth,100 tys. €,GB3,2021
Jökull Andrésson,FC Morecambe,100 tys. €,GB3,2021
Adam Phillips,FC Morecambe,75 tys. €,GB3,2021
Josh McPake,FC Morecambe,75 tys. €,GB3,2021
Matthew Bondswell,Shrewsbury Town,50 tys. €,GB3,2021
Christian Saydee,Burton Albion,50 tys. €,GB3,2021
Gassan Ahadme,FC Portsmouth,50 tys. €,GB3,2021
Saikou Janneh,Shrewsbury Town,-,GB3,2021
Callum Jones,FC Morecambe,-,GB3,2021
Tomas Kalinauskas,AFC Wimbledon,-,GB3,2021
Kell Watts,Wigan Athletic,-,GB3,2021
Callum Johnson,Fleetwood Town,-,GB3,2021
Alfie McCalmont,FC Morecambe,-,GB3,2021
Marlon Fossey,Bolton Wanderers,-,GB3,2021
Taylor Perry,Cheltenham Town,-,GB3,2021
Archie Mair,Lincoln City,-,GB3,2021
Callum Wright,Cheltenham Town,-,GB3,2021
Ryan Edmondson,Fleetwood Town,-,GB3,2021
Tyrese Fornah,Shrewsbury Town,-,GB3,2021
Sam Hughes,Burton Albion,-,GB3,2021
Tiago Cukur,Doncaster Rovers,-,GB3,2021
James Trafford,Accrington Stanley,-,GB3,2021
Jovan Malcolm,Accrington Stanley,-,GB3,2021
Jack Young,Wycombe Wanderers,-,GB3,2021
Gavin Bazunu,FC Portsmouth,-,GB3,2021
Yeboah Amankwah,Accrington Stanley,-,GB3,2021
Lorent Tolaj,Cambridge United,-,GB3,2021
Kion Etete,Cheltenham Town,-,GB3,2021
Ryan Alebiosu,Crewe Alexandra,-,GB3,2021
Henry Lawrence,AFC Wimbledon,-,GB3,2021
Ben Jackson,Doncaster Rovers,-,GB3,2021
J'Neil Bennett,Crewe Alexandra,-,GB3,2021
Terry Ablade,AFC Wimbledon,-,GB3,2021
Nathan Holland,Oxford United,-,GB3,2021
Ben Knight,Crewe Alexandra,-,GB3,2021
Callum Morton,Fleetwood Town,-,GB3,2021
Jamie Soule,Cheltenham Town,-,GB3,2021
Mason Burstow,Charlton Athletic,-,GB3,2021
Sam Sherring,Cambridge United,-,GB3,2021
Sam Sherring,Accrington Stanley,-,GB3,2021
Scott Robertson,Crewe Alexandra,-,GB3,2021
Matt Smith,Doncaster Rovers,-,GB3,2021
Callum Doyle,AFC Sunderland,-,GB3,2021
James Trafford,Bolton Wanderers,-,GB3,2021
Brooke Norton-Cuffy,Lincoln City,-,GB3,2021
Matty Longstaff,Mansfield Town,"2,50 mln €",GB4,2021
Dynel Simeu,Carlisle United,"1,00 mln €",GB4,2021
Louie Barry,Swindon Town,"1,00 mln €",GB4,2021
Luke Matheson,Scunthorpe United,600 tys. €,GB4,2021
Jamie Murphy,Mansfield Town,550 tys. €,GB4,2021
Brandon Cooper,Swindon Town,500 tys. €,GB4,2021
Luke Thomas,Bristol Rovers,500 tys. €,GB4,2021
Stephen Kelly,Salford City,400 tys. €,GB4,2021
Tom Elliott,Bradford City,400 tys. €,GB4,2021
Jamie Walker,Bradford City,400 tys. €,GB4,2021
Paul Glatzel,Tranmere Rovers,350 tys. €,GB4,2021
Josh Eppiah,Northampton Town,350 tys. €,GB4,2021
Michael Bostwick,FC Stevenage,325 tys. €,GB4,2021
Christy Pym,FC Stevenage,300 tys. €,GB4,2021
Josh Pask,Newport County,300 tys. €,GB4,2021
Nathan Bishop,Mansfield Town,300 tys. €,GB4,2021
Frank Fielding,Salford City,300 tys. €,GB4,2021
Padraig Amond,Exeter City,300 tys. €,GB4,2021
Tomas Holy,Port Vale FC,300 tys. €,GB4,2021
Romoney Crichlow,Swindon Town,300 tys. €,GB4,2021
Kasey McAteer,Forest Green Rovers,300 tys. €,GB4,2021
Cameron Dawson,Exeter City,300 tys. €,GB4,2021
Dion Pereira,Bradford City,300 tys. €,GB4,2021
Laurie Walker,Oldham Athletic,250 tys. €,GB4,2021
Frank Nouble,Leyton Orient,250 tys. €,GB4,2021
Matty Daly,Hartlepool United,250 tys. €,GB4,2021
Stephen Walker,Tranmere Rovers,250 tys. €,GB4,2021
Ross Doohan,Tranmere Rovers,250 tys. €,GB4,2021
Anthony Driscoll-Glennon,AFC Barrow,250 tys. €,GB4,2021
Paul Downing,AFC Rochdale,250 tys. €,GB4,2021
Nathan Delfouneso,Bradford City,250 tys. €,GB4,2021
Caleb Watts,Crawley Town,250 tys. €,GB4,2021
Tyler Magloire,Northampton Town,250 tys. €,GB4,2021
Myles Kenlock,Colchester United,250 tys. €,GB4,2021
Bryn Morris,Hartlepool United,250 tys. €,GB4,2021
Kaine Kesler-Hayden,Swindon Town,250 tys. €,GB4,2021
Connor Ripley,Salford City,250 tys. €,GB4,2021
Sylvester Jasper,Colchester United,250 tys. €,GB4,2021
Matty Daly,Bradford City,250 tys. €,GB4,2021
Faysal Bettache,Oldham Athletic,200 tys. €,GB4,2021
George Broadbent,AFC Rochdale,200 tys. €,GB4,2021
Kieran Phillips,FC Walsall,200 tys. €,GB4,2021
Aaron Amadi-Holloway,AFC Barrow,200 tys. €,GB4,2021
Kieran Phillips,Exeter City,200 tys. €,GB4,2021
Tyler Burey,Hartlepool United,200 tys. €,GB4,2021
Elliot Anderson,Bristol Rovers,200 tys. €,GB4,2021
Alex Hunt,Oldham Athletic,200 tys. €,GB4,2021
Richard Nartey,Mansfield Town,200 tys. €,GB4,2021
Blondy Nna Noukeu,Crawley Town,150 tys. €,GB4,2021
Oliver Cooper,Newport County,150 tys. €,GB4,2021
Reece Devine,FC Walsall,150 tys. €,GB4,2021
Brad Young,Carlisle United,150 tys. €,GB4,2021
Dominic Revan,Northampton Town,150 tys. €,GB4,2021
Nicholas Bilokapic,Hartlepool United,150 tys. €,GB4,2021
Idris Kanu,Northampton Town,150 tys. €,GB4,2021
Jeriel Dorsett,AFC Rochdale,150 tys. €,GB4,2021
Jack Aitchison,Forest Green Rovers,100 tys. €,GB4,2021
Brahima Diarra,Harrogate Town,100 tys. €,GB4,2021
Jake Hull,Hartlepool United,100 tys. €,GB4,2021
Bez Lubala,Northampton Town,100 tys. €,GB4,2021
Isaac Hutchinson,Crawley Town,100 tys. €,GB4,2021
George Miller,FC Walsall,100 tys. €,GB4,2021
Festus Arthur,AFC Barrow,100 tys. €,GB4,2021
Zach Jeacock,Salford City,100 tys. €,GB4,2021
Isaac Fletcher,Hartlepool United,100 tys. €,GB4,2021
Max Melbourne,FC Stevenage,100 tys. €,GB4,2021
Ryan Delaney,Scunthorpe United,100 tys. €,GB4,2021
Tom Billson,Scunthorpe United,100 tys. €,GB4,2021
Jordan Flores,Northampton Town,100 tys. €,GB4,2021
Owura Edwards,Exeter City,100 tys. €,GB4,2021
Joe Tomlinson,Swindon Town,100 tys. €,GB4,2021
Alex Gilbert,Swindon Town,100 tys. €,GB4,2021
George Ray,Leyton Orient,100 tys. €,GB4,2021
Hayden Hackney,Scunthorpe United,100 tys. €,GB4,2021
Owura Edwards,Colchester United,100 tys. €,GB4,2021
Jake Turner,Colchester United,100 tys. €,GB4,2021
Josh Austerfield,Harrogate Town,100 tys. €,GB4,2021
Amrit Bansal-McNulty,Crawley Town,100 tys. €,GB4,2021
Lee O'Connor,Tranmere Rovers,100 tys. €,GB4,2021
Josh McPake,Tranmere Rovers,75 tys. €,GB4,2021
Isaac Olaofe,Sutton United,75 tys. €,GB4,2021
Kian Harratt,Port Vale FC,50 tys. €,GB4,2021
Chanka Zimba,Northampton Town,50 tys. €,GB4,2021
Alex Bass,Bradford City,50 tys. €,GB4,2021
Will Forrester,Mansfield Town,50 tys. €,GB4,2021
Corrie Ndaba,Salford City,50 tys. €,GB4,2021
Lukas Jensen,Carlisle United,25 tys. €,GB4,2021
Jake O'Brien,Swindon Town,25 tys. €,GB4,2021
Jamie Bowden,Oldham Athletic,-,GB4,2021
Robert Street,Newport County,-,GB4,2021
Josh Hawkes,Tranmere Rovers,-,GB4,2021
Joel Cooper,Port Vale FC,-,GB4,2021
Jake Scrimshaw,Scunthorpe United,-,GB4,2021
Joe White,Hartlepool United,-,GB4,2021
Armando Dobra,Colchester United,-,GB4,2021
James Connolly,Bristol Rovers,-,GB4,2021
Kion Etete,Northampton Town,-,GB4,2021
Dan Moss,Leyton Orient,-,GB4,2021
Tyreik Wright,Colchester United,-,GB4,2021
Timmy Abraham,Newport County,-,GB4,2021
Josh Davison,Swindon Town,-,GB4,2021
Theo Archibald,Leyton Orient,-,GB4,2021
Joseph Anang,FC Stevenage,-,GB4,2021
Sam Hornby,Colchester United,-,GB4,2021
Jake Cain,Newport County,-,GB4,2021
Edward Jones,Hartlepool United,-,GB4,2021
Carl Rushworth,FC Walsall,-,GB4,2021
Will Harris,AFC Barrow,-,GB4,2021
Zain Westbrooke,FC Stevenage,-,GB4,2021
Tyrese Omotoye,Leyton Orient,-,GB4,2021
George Lloyd,Port Vale FC,-,GB4,2021
Jacob Wakeling,AFC Barrow,-,GB4,2021
Rollin Menayese,FC Walsall,-,GB4,2021
Corie Andrews,Colchester United,-,GB4,2021
Josh Andrews,AFC Rochdale,-,GB4,2021
Kieran O'Hara,Scunthorpe United,-,GB4,2021
Sam Burns,Scunthorpe United,-,GB4,2021
Ryan Stirk,Mansfield Town,-,GB4,2021
Offrande Zanzala,Exeter City,-,GB4,2021
Tyrese Shade,FC Walsall,-,GB4,2021
Will Ferry,Crawley Town,-,GB4,2021
D'Mani Mellor,Salford City,-,GB4,2021
Alex Mitchell,Leyton Orient,-,GB4,2021
George Shelvey,Mansfield Town,-,GB4,2021
Calum Kavanagh,Harrogate Town,-,GB4,2021
Andy Smith,Salford City,-,GB4,2021
Harry Wood,Scunthorpe United,-,GB4,2021
Cameron Coxe,Colchester United,-,GB4,2021
Lewis Warrington,Tranmere Rovers,-,GB4,2021
Ryan Edmondson,Port Vale FC,-,GB4,2021
Tyreik Wright,Salford City,-,GB4,2021
Sion Spence,Bristol Rovers,-,GB4,2021
Finn Azaz,Newport County,-,GB4,2021
Jack Diamond,Harrogate Town,-,GB4,2021
Lewis Richards,Harrogate Town,-,GB4,2021
Will Goodwin,Hartlepool United,-,GB4,2021
Rekeil Pyke,Scunthorpe United,-,GB4,2021
Lewis Cass,Port Vale FC,-,GB4,2021
Tyrese Omotoye,Carlisle United,-,GB4,2021
Corey O'Keeffe,AFC Rochdale,-,GB4,2021
Tyrese Sinclair,Scunthorpe United,-,GB4,2021
Mitchell Roberts,Carlisle United,-,GB4,2021
Jonathan Dinzeyi,Carlisle United,-,GB4,2021
Danny Cashman,AFC Rochdale,-,GB4,2021
Connor Taylor,Bristol Rovers,-,GB4,2021
Dennis Politic,Port Vale FC,-,GB4,2021
Bailey Clements,FC Stevenage,-,GB4,2021
Owen Windsor,Carlisle United,-,GB4,2021
Tyreece Simpson,Swindon Town,-,GB4,2021
Rabbi Matondo,Stoke City,"8,00 mln €",GB2,2020
Tomás Esteves,FC Reading,"8,00 mln €",GB2,2020
Oliver Skipp,Norwich City,"7,20 mln €",GB2,2020
Morgan Gibbs-White,Swansea City,"7,20 mln €",GB2,2020
Filip Benkovic,Cardiff City,"7,00 mln €",GB2,2020
Alfie Mawson,Bristol City,"7,00 mln €",GB2,2020
Filip Krovinovic,Nottingham Forest,"6,50 mln €",GB2,2020
Yan Valery,Birmingham City,"6,30 mln €",GB2,2020
Conor Hourihane,Swansea City,"6,00 mln €",GB2,2020
Jack Clarke,Stoke City,"5,40 mln €",GB2,2020
Anthony Gordon,Preston North End,"5,00 mln €",GB2,2020
Anthony Knockaert,Nottingham Forest,"5,00 mln €",GB2,2020
Jordan Morris,Swansea City,"5,00 mln €",GB2,2020
Carel Eiting,Huddersfield Town,"4,50 mln €",GB2,2020
Harvey Elliott,Blackburn Rovers,"4,00 mln €",GB2,2020
Xavi Quintillà,Norwich City,"4,00 mln €",GB2,2020
Angus Gunn,Stoke City,"4,00 mln €",GB2,2020
Troy Parrott,FC Millwall,"3,60 mln €",GB2,2020
Yannick Bolasie,FC Middlesbrough,"3,50 mln €",GB2,2020
James Garner,Nottingham Forest,"3,50 mln €",GB2,2020
Kenneth Zohore,FC Millwall,"3,50 mln €",GB2,2020
Saman Ghoddos,FC Brentford,"3,20 mln €",GB2,2020
Freddie Woodman,Swansea City,"3,20 mln €",GB2,2020
Charlie Austin,Queens Park Rangers,"3,20 mln €",GB2,2020
Paul Arriola,Swansea City,"3,00 mln €",GB2,2020
Aden Flint,Sheffield Wednesday,"3,00 mln €",GB2,2020
Daryl Dike,FC Barnsley,"3,00 mln €",GB2,2020
Shane Long,AFC Bournemouth,"2,80 mln €",GB2,2020
Tom Trybull,Blackburn Rovers,"2,80 mln €",GB2,2020
Patrick Roberts,FC Middlesbrough,"2,80 mln €",GB2,2020
Luke Freeman,Nottingham Forest,"2,80 mln €",GB2,2020
Tom Ince,Luton Town,"2,80 mln €",GB2,2020
Jake Clarke-Salter,Birmingham City,"2,80 mln €",GB2,2020
Marc Guéhi,Swansea City,"2,70 mln €",GB2,2020
James Garner,FC Watford,"2,70 mln €",GB2,2020
Patrick Roberts,Derby County,"2,50 mln €",GB2,2020
Leo Östigard,Coventry City,"2,50 mln €",GB2,2020
Jack Marriott,Sheffield Wednesday,"2,40 mln €",GB2,2020
Rekeem Harper,Birmingham City,"2,30 mln €",GB2,2020
Taylor Harwood-Bellis,Blackburn Rovers,"2,30 mln €",GB2,2020
Steven Sessegnon,Bristol City,"2,30 mln €",GB2,2020
Rodrigo Riquelme,AFC Bournemouth,"2,30 mln €",GB2,2020
Lewis Wing,Rotherham United,"2,20 mln €",GB2,2020
Barry Douglas,Blackburn Rovers,"2,00 mln €",GB2,2020
Jarrad Branthwaite,Blackburn Rovers,"2,00 mln €",GB2,2020
Stefan Johansen,Queens Park Rangers,"2,00 mln €",GB2,2020
Matt Clarke,Derby County,"2,00 mln €",GB2,2020
Scott Malone,FC Millwall,"2,00 mln €",GB2,2020
Izzy Brown,Sheffield Wednesday,"2,00 mln €",GB2,2020
Cameron Carter-Vickers,AFC Bournemouth,"2,00 mln €",GB2,2020
Sepp van den Berg,Preston North End,"1,80 mln €",GB2,2020
Sheyi Ojo,Cardiff City,"1,60 mln €",GB2,2020
Glenn Murray,FC Watford,"1,60 mln €",GB2,2020
Cyrus Christie,Nottingham Forest,"1,60 mln €",GB2,2020
Jordy de Wijs,Queens Park Rangers,"1,60 mln €",GB2,2020
Alfa Semedo,FC Reading,"1,60 mln €",GB2,2020
Marcus Bettinelli,FC Middlesbrough,"1,60 mln €",GB2,2020
Liam Lindsay,Preston North End,"1,50 mln €",GB2,2020
Winston Reid,FC Brentford,"1,50 mln €",GB2,2020
Beni Baningime,Derby County,"1,30 mln €",GB2,2020
Ryan Giles,Rotherham United,"1,30 mln €",GB2,2020
Matty James,Coventry City,"1,20 mln €",GB2,2020
Kasey Palmer,Swansea City,"1,20 mln €",GB2,2020
Neeskens Kebano,FC Middlesbrough,"1,20 mln €",GB2,2020
Florian Jozefzoon,Rotherham United,"1,20 mln €",GB2,2020
Cafú,Nottingham Forest,"1,20 mln €",GB2,2020
Matty James,FC Barnsley,"1,20 mln €",GB2,2020
Teden Mengi,Derby County,"1,00 mln €",GB2,2020
Viktor Gyökeres,Coventry City,"1,00 mln €",GB2,2020
Viktor Gyökeres,Swansea City,"1,00 mln €",GB2,2020
Jordi Osei-Tutu,Cardiff City,"1,00 mln €",GB2,2020
Sam Field,Queens Park Rangers,"1,00 mln €",GB2,2020
Jayson Molumby,Preston North End,900 tys. €,GB2,2020
Riley McGree,Birmingham City,900 tys. €,GB2,2020
Lee Gregory,Derby County,800 tys. €,GB2,2020
Sam McCallum,Coventry City,750 tys. €,GB2,2020
Daniel Iversen,Preston North End,600 tys. €,GB2,2020
George Edmundson,Derby County,500 tys. €,GB2,2020
Rhys Norrington-Davies,Stoke City,500 tys. €,GB2,2020
Joel Pereira,Huddersfield Town,475 tys. €,GB2,2020
George Hirst,Rotherham United,450 tys. €,GB2,2020
Jamal Blackman,Rotherham United,400 tys. €,GB2,2020
Ched Evans,Preston North End,300 tys. €,GB2,2020
Nnamdi Ofoborh,Wycombe Wanderers,250 tys. €,GB2,2020
Admiral Muskwe,Wycombe Wanderers,100 tys. €,GB2,2020
Dennis Adeniran,Wycombe Wanderers,-,GB2,2020
Kiernan Dewsbury-Hall,Luton Town,-,GB2,2020
Lewis Gibson,FC Reading,-,GB2,2020
Josh Knight,Wycombe Wanderers,-,GB2,2020
Sam Nombe,Luton Town,-,GB2,2020
Ryan Giles,Coventry City,-,GB2,2020
Ben Sheaf,Coventry City,-,GB2,2020
Rhys Norrington-Davies,Luton Town,-,GB2,2020
Ben Woodburn,FC Blackpool,"4,50 mln €",GB3,2020
Troy Parrott,Ipswich Town,"3,60 mln €",GB3,2020
Josef Bursik,Lincoln City,"2,00 mln €",GB3,2020
Josef Bursik,Peterborough United,"2,00 mln €",GB3,2020
Ethan Laird,Milton Keynes Dons,"1,80 mln €",GB3,2020
Josh Sims,Doncaster Rovers,"1,60 mln €",GB3,2020
Josh Sims,Doncaster Rovers,"1,60 mln €",GB3,2020
Callum Connolly,Fleetwood Town,"1,60 mln €",GB3,2020
George Byers,FC Portsmouth,"1,60 mln €",GB3,2020
Dan Crowley,Hull City,"1,50 mln €",GB3,2020
Keanan Bennetts,Ipswich Town,"1,30 mln €",GB3,2020
Morgan Rogers,Lincoln City,"1,30 mln €",GB3,2020
Tom Edwards,Fleetwood Town,"1,20 mln €",GB3,2020
Will Grigg,Milton Keynes Dons,"1,20 mln €",GB3,2020
Gavin Whyte,Hull City,"1,00 mln €",GB3,2020
Luke Matheson,Ipswich Town,900 tys. €,GB3,2020
Jayden Stockley,Charlton Athletic,900 tys. €,GB3,2020
Matt Smith,Doncaster Rovers,900 tys. €,GB3,2020
Elliot Lee,Oxford United,900 tys. €,GB3,2020
Matthew Pennington,Shrewsbury Town,800 tys. €,GB3,2020
Jan Zamburek,Shrewsbury Town,800 tys. €,GB3,2020
Barrie McKay,Fleetwood Town,800 tys. €,GB3,2020
Luke Thomas,Ipswich Town,800 tys. €,GB3,2020
Josh Harrop,Ipswich Town,700 tys. €,GB3,2020
Dylan Levitt,Charlton Athletic,675 tys. €,GB3,2020
Rasmus Nicolaisen,FC Portsmouth,600 tys. €,GB3,2020
Joe Lumley,FC Gillingham,600 tys. €,GB3,2020
Jordan Jones,AFC Sunderland,600 tys. €,GB3,2020
Joe Lumley,Doncaster Rovers,600 tys. €,GB3,2020
Mark Travers,Swindon Town,500 tys. €,GB3,2020
Brandon Barker,Oxford United,500 tys. €,GB3,2020
Adam Lewis,Plymouth Argyle,500 tys. €,GB3,2020
Josh Earl,Burton Albion,450 tys. €,GB3,2020
Erhun Öztümer,Bristol Rovers,400 tys. €,GB3,2020
Andrew Shinnie,Charlton Athletic,400 tys. €,GB3,2020
Funso Ojo,Wigan Athletic,400 tys. €,GB3,2020
Janoi Donacien,Fleetwood Town,400 tys. €,GB3,2020
Hakeeb Adelakun,Hull City,400 tys. €,GB3,2020
Dominic Thompson,Swindon Town,400 tys. €,GB3,2020
Matthew Millar,Shrewsbury Town,400 tys. €,GB3,2020
Billy Jones,Crewe Alexandra,400 tys. €,GB3,2020
Sean Clare,Burton Albion,350 tys. €,GB3,2020
Antony Evans,Crewe Alexandra,350 tys. €,GB3,2020
Olly Lee,FC Gillingham,350 tys. €,GB3,2020
Nathan Wood,Crewe Alexandra,300 tys. €,GB3,2020
Dejan Iliev,Shrewsbury Town,300 tys. €,GB3,2020
Conor Masterson,Swindon Town,300 tys. €,GB3,2020
Scott Wootton,Wigan Athletic,300 tys. €,GB3,2020
Kyle Vassell,Fleetwood Town,300 tys. €,GB3,2020
Marcus McGuane,Oxford United,300 tys. €,GB3,2020
Ellery Balcombe,Doncaster Rovers,300 tys. €,GB3,2020
Luka Racic,Northampton Town,300 tys. €,GB3,2020
Harry Chapman,Shrewsbury Town,300 tys. €,GB3,2020
Mickel Miller,Northampton Town,300 tys. €,GB3,2020
Matej Kovar,Swindon Town,250 tys. €,GB3,2020
Stephen Walker,Crewe Alexandra,250 tys. €,GB3,2020
Jonathan Mitchell,Northampton Town,250 tys. €,GB3,2020
Louis Thompson,Milton Keynes Dons,250 tys. €,GB3,2020
Joe Nuttall,Northampton Town,250 tys. €,GB3,2020
Joe Day,Bristol Rovers,250 tys. €,GB3,2020
Indiana Vassilev,Burton Albion,250 tys. €,GB3,2020
Jake Vokins,AFC Sunderland,250 tys. €,GB3,2020
Paul Smyth,Charlton Athletic,250 tys. €,GB3,2020
Robbie Gotts,Lincoln City,250 tys. €,GB3,2020
George Johnston,Wigan Athletic,250 tys. €,GB3,2020
Jaakko Oksanen,AFC Wimbledon,250 tys. €,GB3,2020
Stephen Walker,Milton Keynes Dons,250 tys. €,GB3,2020
Charlie Mulgrew,Fleetwood Town,250 tys. €,GB3,2020
Connal Trueman,AFC Wimbledon,250 tys. €,GB3,2020
Bryn Morris,Northampton Town,250 tys. €,GB3,2020
Paul Smyth,Accrington Stanley,250 tys. €,GB3,2020
Connal Trueman,Swindon Town,250 tys. €,GB3,2020
Elliot Simoes,Doncaster Rovers,250 tys. €,GB3,2020
Jordon Garrick,Swindon Town,250 tys. €,GB3,2020
Joe Wollacott,Swindon Town,200 tys. €,GB3,2020
Jordan Stevens,Swindon Town,200 tys. €,GB3,2020
Tom James,Wigan Athletic,200 tys. €,GB3,2020
Carlton Morris,Milton Keynes Dons,150 tys. €,GB3,2020
Hayden Carter,Burton Albion,150 tys. €,GB3,2020
Sam Walker,AFC Wimbledon,150 tys. €,GB3,2020
Steve Seddon,AFC Wimbledon,150 tys. €,GB3,2020
Jamie Proctor,Wigan Athletic,150 tys. €,GB3,2020
Sam Walker,FC Blackpool,150 tys. €,GB3,2020
Reece Brown,Peterborough United,150 tys. €,GB3,2020
Dion Sanderson,AFC Sunderland,150 tys. €,GB3,2020
Josh Eccles,FC Gillingham,100 tys. €,GB3,2020
Gabriel Osho,AFC Rochdale,100 tys. €,GB3,2020
Peter Kioso,Northampton Town,100 tys. €,GB3,2020
Olamide Shodipo,Oxford United,100 tys. €,GB3,2020
Matija Sarkic,Shrewsbury Town,100 tys. €,GB3,2020
Curtis Tilt,Wigan Athletic,100 tys. €,GB3,2020
Sam Woods,Plymouth Argyle,75 tys. €,GB3,2020
Nathan Baxter,Accrington Stanley,75 tys. €,GB3,2020
Adam Phillips,Accrington Stanley,75 tys. €,GB3,2020
Dillon Barnes,Burton Albion,50 tys. €,GB3,2020
Callum Slattery,FC Gillingham,50 tys. €,GB3,2020
Akin Famewo,Charlton Athletic,25 tys. €,GB3,2020
George Dobson,AFC Wimbledon,-,GB3,2020
Matt Palmer,Wigan Athletic,-,GB3,2020
Liam Kelly,Oxford United,-,GB3,2020
Ryan Hardie,Plymouth Argyle,-,GB3,2020
Declan Drysdale,FC Gillingham,-,GB3,2020
Morgan Boyes,Fleetwood Town,-,GB3,2020
Timmy Abraham,Plymouth Argyle,-,GB3,2020
Harvey White,FC Portsmouth,-,GB3,2020
Robbie Cundy,FC Gillingham,-,GB3,2020
Regan Slater,Hull City,-,GB3,2020
Ryan Cassidy,Accrington Stanley,-,GB3,2020
Kell Watts,Plymouth Argyle,-,GB3,2020
Tyreece John-Jules,Doncaster Rovers,-,GB3,2020
Lewis Ward,FC Portsmouth,-,GB3,2020
Jordan Lawrence-Gabriel,FC Blackpool,-,GB3,2020
Trae Coyle,FC Gillingham,-,GB3,2020
Cameron Pring,FC Portsmouth,-,GB3,2020
Callum Morton,Lincoln City,-,GB3,2020
Sam Hughes,Burton Albion,-,GB3,2020
Lasse Sörensen,Milton Keynes Dons,-,GB3,2020
Daniel Ballard,FC Blackpool,-,GB3,2020
Tariq Uwakwe,Accrington Stanley,-,GB3,2020
Shilow Tracey,Shrewsbury Town,-,GB3,2020
Joe Grayson,Oxford United,-,GB3,2020
Jamie Soule,Lincoln City,-,GB3,2020
Harry Pickering,Crewe Alexandra,-,GB3,2020
Warren O'Hora,Milton Keynes Dons,-,GB3,2020
Tyreke Johnson,FC Gillingham,-,GB3,2020
Yeboah Amankwah,AFC Rochdale,-,GB3,2020
Matt Smith,Charlton Athletic,-,GB3,2020
Darnell Johnson,Wigan Athletic,-,GB3,2020
Tolaji Bola,AFC Rochdale,-,GB3,2020
Tom Allan,Accrington Stanley,-,GB3,2020
Matt Smith,Swindon Town,-,GB3,2020
Marlon Fossey,Shrewsbury Town,-,GB3,2020
Jayden Mitchell-Lawson,Bristol Rovers,-,GB3,2020
Niall Ennis,Burton Albion,-,GB3,2020
Taylor Richards,Doncaster Rovers,-,GB3,2020
Alex Palmer,Lincoln City,-,GB3,2020
Jon Russell,Accrington Stanley,-,GB3,2020
James Morton,FC Gillingham,-,GB3,2020
Ryan Longman,AFC Wimbledon,-,GB3,2020
Liam Millar,Charlton Athletic,-,GB3,2020
Ryan Edmondson,Northampton Town,-,GB3,2020
Ellis Simms,FC Blackpool,-,GB3,2020
Scott Robertson,FC Gillingham,-,GB3,2020
Brennan Johnson,Lincoln City,-,GB3,2020
Tyler Smith,Swindon Town,-,GB3,2020
Ryan Broom,Burton Albion,-,GB3,2020
Dan Kemp,FC Blackpool,-,GB3,2020
Rayhaan Tulloch,Doncaster Rovers,-,GB3,2020
Haydon Roberts,AFC Rochdale,-,GB3,2020
Mo Sangare,Accrington Stanley,-,GB3,2020
Tyrese Omotoye,Swindon Town,-,GB3,2020
Scott High,Shrewsbury Town,-,GB3,2020
Thomas O'Connor,FC Gillingham,-,GB3,2020
Jonny Smith,Swindon Town,-,GB3,2020
Darnell Johnson,AFC Wimbledon,-,GB3,2020
Luke McCormick,Bristol Rovers,-,GB3,2020
Elliot Embleton,FC Blackpool,-,GB3,2020
Joe Hilton,Fleetwood Town,-,GB3,2020
Mark McGuinness,Ipswich Town,-,GB3,2020
Zechariah Medley,FC Gillingham,-,GB3,2020
Josef Bursik,Doncaster Rovers,-,GB3,2020
Gavin Bazunu,AFC Rochdale,-,GB3,2020
Jack Roles,Burton Albion,-,GB3,2020
Jerome Opoku,Plymouth Argyle,-,GB3,2020
Tyrese Fornah,Plymouth Argyle,-,GB3,2020
Timothy Eyoma,Lincoln City,-,GB3,2020
Jack Vale,AFC Rochdale,-,GB3,2020
Ian Maatsen,Charlton Athletic,-,GB3,2020
Teddy Sharman-Lowe,Burton Albion,-,GB3,2020
Scott Robertson,Doncaster Rovers,-,GB3,2020
Kazaiah Sterling,Southend United,"1,80 mln €",GB4,2020
Di'Shon Bernard,Salford City,"1,00 mln €",GB4,2020
Liam Feeney,Tranmere Rovers,600 tys. €,GB4,2020
Stephen Quinn,Mansfield Town,600 tys. €,GB4,2020
Ali Crawford,Tranmere Rovers,550 tys. €,GB4,2020
Jamie Cumming,FC Stevenage,450 tys. €,GB4,2020
Hiram Boateng,Cambridge United,400 tys. €,GB4,2020
Declan John,Bolton Wanderers,400 tys. €,GB4,2020
David Nugent,Tranmere Rovers,300 tys. €,GB4,2020
Marcel Hilßner,Oldham Athletic,300 tys. €,GB4,2020
David Stockdale,FC Stevenage,300 tys. €,GB4,2020
Nicky Maynard,Newport County,300 tys. €,GB4,2020
Indiana Vassilev,Cheltenham Town,250 tys. €,GB4,2020
Robbie Gotts,Salford City,250 tys. €,GB4,2020
Frank Nouble,Colchester United,250 tys. €,GB4,2020
Derick Osei,FC Walsall,250 tys. €,GB4,2020
Laurie Walker,Oldham Athletic,250 tys. €,GB4,2020
Brad Lyons,FC Morecambe,250 tys. €,GB4,2020
Tom James,Salford City,200 tys. €,GB4,2020
Bobby Thomas,AFC Barrow,200 tys. €,GB4,2020
Jake Hesketh,Crawley Town,200 tys. €,GB4,2020
Jordan Stevens,Bradford City,200 tys. €,GB4,2020
Luke Gambin,Newport County,200 tys. €,GB4,2020
Mace Goodridge,AFC Barrow,200 tys. €,GB4,2020
Nick Freeman,Leyton Orient,200 tys. €,GB4,2020
Ben Coker,FC Stevenage,150 tys. €,GB4,2020
Tristan Abrahams,Leyton Orient,150 tys. €,GB4,2020
Tom Davies,AFC Barrow,150 tys. €,GB4,2020
Jamie Devitt,Newport County,150 tys. €,GB4,2020
Neal Eardley,AFC Barrow,150 tys. €,GB4,2020
George Lapslie,Mansfield Town,150 tys. €,GB4,2020
Jamie Proctor,Newport County,150 tys. €,GB4,2020
Odin Bailey,Forest Green Rovers,150 tys. €,GB4,2020
Teddy Howe,Scunthorpe United,150 tys. €,GB4,2020
Kyle Taylor,Southend United,100 tys. €,GB4,2020
Ian Lawlor,Oldham Athletic,100 tys. €,GB4,2020
Aramide Oteh,FC Stevenage,100 tys. €,GB4,2020
Sam Smith,Cheltenham Town,100 tys. €,GB4,2020
Jordan Green,Southend United,100 tys. €,GB4,2020
Peter Kioso,Bolton Wanderers,100 tys. €,GB4,2020
Oliver Sarkic,Mansfield Town,100 tys. €,GB4,2020
Jökull Andrésson,Exeter City,100 tys. €,GB4,2020
Jökull Andrésson,FC Morecambe,100 tys. €,GB4,2020
Jökull Andrésson,Exeter City,100 tys. €,GB4,2020
Max Melbourne,FC Walsall,100 tys. €,GB4,2020
Tom Sang,Cheltenham Town,100 tys. €,GB4,2020
Sam Smith,Tranmere Rovers,100 tys. €,GB4,2020
Lee O'Connor,Tranmere Rovers,100 tys. €,GB4,2020
Jake Turner,FC Morecambe,100 tys. €,GB4,2020
Aramide Oteh,Colchester United,100 tys. €,GB4,2020
Jake Eastwood,Grimsby Town,100 tys. €,GB4,2020
Adam Phillips,FC Morecambe,75 tys. €,GB4,2020
Josh McPake,Harrogate Town,75 tys. €,GB4,2020
Joshua Kayode,Carlisle United,50 tys. €,GB4,2020
Anthony Hartigan,Newport County,50 tys. €,GB4,2020
Robbie Willmott,Exeter City,50 tys. €,GB4,2020
Connor Malley,Carlisle United,50 tys. €,GB4,2020
Josh Doherty,Colchester United,50 tys. €,GB4,2020
Zack Elbouzedi,Bolton Wanderers,50 tys. €,GB4,2020
Lukas Jensen,Bolton Wanderers,25 tys. €,GB4,2020
Dan Jones,Harrogate Town,-,GB4,2020
Marcus Maddison,Bolton Wanderers,-,GB4,2020
Bobby Grant,Oldham Athletic,-,GB4,2020
Kyle Bennett,Grimsby Town,-,GB4,2020
George Taft,Scunthorpe United,-,GB4,2020
Virgil Gomis,Grimsby Town,-,GB4,2020
Andy Cook,Bradford City,-,GB4,2020
Paul Coutts,Salford City,-,GB4,2020
Callum Wright,Cheltenham Town,-,GB4,2020
Owen Windsor,Grimsby Town,-,GB4,2020
Tyreik Wright,FC Walsall,-,GB4,2020
Jay Matete,Grimsby Town,-,GB4,2020
Bryce Hosannah,Bradford City,-,GB4,2020
Rumarn Burrell,Bradford City,-,GB4,2020
Jake Taylor,Scunthorpe United,-,GB4,2020
Josh Andrews,Harrogate Town,-,GB4,2020
Jahmal Hector-Ingram,FC Stevenage,-,GB4,2020
Jack Young,Tranmere Rovers,-,GB4,2020
Alex Denny,FC Morecambe,-,GB4,2020
Harry Clarke,Oldham Athletic,-,GB4,2020
Josh Griffiths,Cheltenham Town,-,GB4,2020
Tyler Cordner,Scunthorpe United,-,GB4,2020
Brandon Cooper,Newport County,-,GB4,2020
Tunji Akinola,Leyton Orient,-,GB4,2020
Aaron Lewis,Newport County,-,GB4,2020
William Hondermarck,Harrogate Town,-,GB4,2020
Harrison Biggins,AFC Barrow,-,GB4,2020
Mitchell Roberts,Harrogate Town,-,GB4,2020
Ben Garrity,Oldham Athletic,-,GB4,2020
Martell Taylor-Crossdale,Colchester United,-,GB4,2020
Tyler Cordner,Southend United,-,GB4,2020
Alfie McCalmont,Oldham Athletic,-,GB4,2020
Aji Alese,Cambridge United,-,GB4,2020
Will Swan,Port Vale FC,-,GB4,2020
Reeco Hackett,Southend United,-,GB4,2020
Dan Bramall,AFC Barrow,-,GB4,2020
Ethan Walker,Carlisle United,-,GB4,2020
Oladapo Afolayan,Bolton Wanderers,-,GB4,2020
Mitchell Clark,Port Vale FC,-,GB4,2020
Robbie Cundy,Cambridge United,-,GB4,2020
Jack Roles,FC Stevenage,-,GB4,2020
Jayden Reid,AFC Barrow,-,GB4,2020
Scott Twine,Newport County,-,GB4,2020
Rollin Menayese,Grimsby Town,-,GB4,2020
Mustapha Olagunju,Port Vale FC,-,GB4,2020
Calum MacDonald,Tranmere Rovers,-,GB4,2020
Remeao Hutton,FC Stevenage,-,GB4,2020
Owura Edwards,Grimsby Town,-,GB4,2020
Ethan Walker,Carlisle United,-,GB4,2020
Bradley Webb,Newport County,-,GB4,2020
Idris El Mizouni,Grimsby Town,-,GB4,2020
Micah Obiero,Carlisle United,-,GB4,2020
Owen Windsor,Newport County,-,GB4,2020
Kian Harratt,Harrogate Town,-,GB4,2020
Jayden Reid,FC Walsall,-,GB4,2020
Finn Azaz,Cheltenham Town,-,GB4,2020
James Montgomery,Southend United,-,GB4,2020
Jubril Okedina,Cambridge United,-,GB4,2020
Saikou Janneh,Newport County,-,GB4,2020
Ben Jackson,Bolton Wanderers,-,GB4,2020
Jamie Pardington,Mansfield Town,-,GB4,2020
Ryan Cooney,FC Morecambe,-,GB4,2020
Jordan Thomas,Leyton Orient,-,GB4,2020
Jordan Maguire-Drew,Crawley Town,-,GB4,2020
George Nurse,FC Walsall,-,GB4,2020
Danny Preston,Grimsby Town,-,GB4,2020
James Morton,Grimsby Town,-,GB4,2020
Josh Davison,Forest Green Rovers,-,GB4,2020
Nya Kirby,Tranmere Rovers,-,GB4,2020
Billy Crellin,Bolton Wanderers,-,GB4,2020
Joe Adams,Grimsby Town,-,GB4,2020
Austin Samuels,Bradford City,-,GB4,2020
Jake Scrimshaw,FC Walsall,-,GB4,2020
Elliot Bonds,Cheltenham Town,-,GB4,2020
Mathew Stevens,FC Stevenage,-,GB4,2020
Marcus Dewhurst,Carlisle United,-,GB4,2020
Jake Scrimshaw,Newport County,-,GB4,2020
Idris El Mizouni,Cambridge United,-,GB4,2020
Adan George,FC Walsall,-,GB4,2020
Josh March,Harrogate Town,-,GB4,2020
Tom White,Bolton Wanderers,-,GB4,2020
Frank Vincent,FC Walsall,-,GB4,2020
Terry Taylor,Grimsby Town,-,GB4,2020
Arthur Read,FC Stevenage,-,GB4,2020
Shilow Tracey,Cambridge United,-,GB4,2020
Jayden Richardson,Forest Green Rovers,-,GB4,2020
Serhat Tasdemir,Oldham Athletic,-,GB4,2020
Jack Aitchison,FC Stevenage,-,GB4,2020
Frank Vincent,Scunthorpe United,-,GB4,2020
Declan Drysdale,Cambridge United,-,GB4,2020
James Olayinka,Southend United,-,GB4,2020
Isaac Hutchinson,Forest Green Rovers,-,GB4,2020
Tom McGill,Crawley Town,-,GB4,2020
Hélder Costa,Leeds United,"15,00 mln €",GB2,2019
Jean-Kévin Augustin,Leeds United,"14,00 mln €",GB2,2019
Terence Kongolo,FC Fulham,"12,00 mln €",GB2,2019
Bobby De Cordova-Reid,FC Fulham,"10,00 mln €",GB2,2019
Filip Benkovic,Bristol City,"9,00 mln €",GB2,2019
Benik Afobe,Bristol City,"8,00 mln €",GB2,2019
Eddie Nketiah,Leeds United,"8,00 mln €",GB2,2019
Adama Diakhaby,Nottingham Forest,"8,00 mln €",GB2,2019
Harry Arter,FC Fulham,"7,00 mln €",GB2,2019
Callum Robinson,West Bromwich Albion,"7,00 mln €",GB2,2019
Jack Clarke,Queens Park Rangers,"6,00 mln €",GB2,2019
Jordan Hugill,Queens Park Rangers,"6,00 mln €",GB2,2019
Jacob Murphy,Sheffield Wednesday,"6,00 mln €",GB2,2019
Jack Clarke,Leeds United,"6,00 mln €",GB2,2019
Filip Krovinovic,West Bromwich Albion,"5,00 mln €",GB2,2019
Illan Meslier,Leeds United,"5,00 mln €",GB2,2019
Grady Diangana,West Bromwich Albion,"5,00 mln €",GB2,2019
Markus Henriksen,Bristol City,"5,00 mln €",GB2,2019
Jonas Lössl,Huddersfield Town,"5,00 mln €",GB2,2019
Izzy Brown,Luton Town,"5,00 mln €",GB2,2019
Ryan Woods,FC Millwall,"5,00 mln €",GB2,2019
James Chester,Stoke City,"4,50 mln €",GB2,2019
Pelé,FC Reading,"4,50 mln €",GB2,2019
Harold Moukoudi,FC Middlesbrough,"4,00 mln €",GB2,2019
Nahki Wells,Queens Park Rangers,"4,00 mln €",GB2,2019
Rhian Brewster,Swansea City,"4,00 mln €",GB2,2019
Albert Adomah,Cardiff City,"3,50 mln €",GB2,2019
Tosin Adarabioyo,Blackburn Rovers,"3,50 mln €",GB2,2019
Patrick Roberts,FC Middlesbrough,"3,50 mln €",GB2,2019
Scott Hogan,Birmingham City,"3,00 mln €",GB2,2019
Greg Cunningham,Blackburn Rovers,"3,00 mln €",GB2,2019
Scott Hogan,Stoke City,"3,00 mln €",GB2,2019
Rafa Mir,Nottingham Forest,"3,00 mln €",GB2,2019
Trevoh Chalobah,Huddersfield Town,"3,00 mln €",GB2,2019
Matt Miazga,FC Reading,"3,00 mln €",GB2,2019
Kieran Dowell,Derby County,"3,00 mln €",GB2,2019
Emile Smith Rowe,Huddersfield Town,"3,00 mln €",GB2,2019
Kieran Dowell,Wigan Athletic,"3,00 mln €",GB2,2019
Aiden McGeady,Charlton Athletic,"2,50 mln €",GB2,2019
Cameron Carter-Vickers,Luton Town,"2,50 mln €",GB2,2019
Connor Wickham,Sheffield Wednesday,"2,50 mln €",GB2,2019
Andy King,Huddersfield Town,"2,50 mln €",GB2,2019
Alessio Da Cruz,Sheffield Wednesday,"2,40 mln €",GB2,2019
Conor Gallagher,Swansea City,"2,00 mln €",GB2,2019
Jan Mlakar,Wigan Athletic,"2,00 mln €",GB2,2019
Andre Green,Charlton Athletic,"2,00 mln €",GB2,2019
Jake Clarke-Salter,Birmingham City,"2,00 mln €",GB2,2019
Andre Green,Preston North End,"2,00 mln €",GB2,2019
Pedro Pereira,Bristol City,"2,00 mln €",GB2,2019
Jamie Paterson,Derby County,"2,00 mln €",GB2,2019
Alfa Semedo,Nottingham Forest,"2,00 mln €",GB2,2019
Josh Windass,Sheffield Wednesday,"2,00 mln €",GB2,2019
Arijanet Muric,Nottingham Forest,"2,00 mln €",GB2,2019
Jan Mlakar,Queens Park Rangers,"2,00 mln €",GB2,2019
David Bates,Sheffield Wednesday,"2,00 mln €",GB2,2019
Harrison Reed,FC Fulham,"2,00 mln €",GB2,2019
Marc Guéhi,Swansea City,"1,50 mln €",GB2,2019
Lucas Boyé,FC Reading,"1,50 mln €",GB2,2019
Cameron Carter-Vickers,Stoke City,"1,50 mln €",GB2,2019
Chris Willock,West Bromwich Albion,"1,50 mln €",GB2,2019
Ben Wilmot,Swansea City,"1,50 mln €",GB2,2019
Mason Bennett,FC Millwall,"1,50 mln €",GB2,2019
Leon Balogun,Wigan Athletic,"1,50 mln €",GB2,2019
Matt Smith,Queens Park Rangers,"1,50 mln €",GB2,2019
Matt Smith,Charlton Athletic,"1,50 mln €",GB2,2019
Sam Field,Charlton Athletic,"1,50 mln €",GB2,2019
Beram Kayal,Charlton Athletic,"1,50 mln €",GB2,2019
Chris Willock,Huddersfield Town,"1,50 mln €",GB2,2019
John Bostock,Nottingham Forest,"1,00 mln €",GB2,2019
Jefferson Montero,Birmingham City,"1,00 mln €",GB2,2019
James Bree,Luton Town,"1,00 mln €",GB2,2019
Matthew Pennington,Hull City,"1,00 mln €",GB2,2019
Christian Walton,Blackburn Rovers,"1,00 mln €",GB2,2019
Charlie Mulgrew,Wigan Athletic,"1,00 mln €",GB2,2019
Josh Cullen,Charlton Athletic,"1,00 mln €",GB2,2019
Brad Smith,Cardiff City,"1,00 mln €",GB2,2019
Rushian Hepburn-Murphy,Derby County,"1,00 mln €",GB2,2019
Jonathan Leko,Charlton Athletic,"1,00 mln €",GB2,2019
Mallik Wilks,Hull City,900 tys. €,GB2,2019
Ovie Ejaria,FC Reading,900 tys. €,GB2,2019
Ravel Morrison,FC Middlesbrough,750 tys. €,GB2,2019
Aldo Kalulu,Swansea City,750 tys. €,GB2,2019
David Davis,Charlton Athletic,750 tys. €,GB2,2019
Bartosz Bialkowski,FC Millwall,750 tys. €,GB2,2019
Marcus Maddison,Hull City,750 tys. €,GB2,2019
Ayub Masika,FC Reading,650 tys. €,GB2,2019
João Virgínia,FC Reading,500 tys. €,GB2,2019
Ben Hamer,Derby County,500 tys. €,GB2,2019
Mark Duffy,Stoke City,500 tys. €,GB2,2019
Bright Enobakhare,Wigan Athletic,500 tys. €,GB2,2019
Freddie Woodman,Swansea City,500 tys. €,GB2,2019
Eunan O'Kane,Luton Town,500 tys. €,GB2,2019
Kamil Grabara,Huddersfield Town,400 tys. €,GB2,2019
Kilian Ludewig,FC Barnsley,300 tys. €,GB2,2019
Herbie Kane,Hull City,250 tys. €,GB2,2019
Matt Clarke,Derby County,200 tys. €,GB2,2019
Luke Steele,FC Millwall,150 tys. €,GB2,2019
Luke Amos,Queens Park Rangers,100 tys. €,GB2,2019
Alexandru Dobre,Wigan Athletic,100 tys. €,GB2,2019
Moha Ramos,Birmingham City,50 tys. €,GB2,2019
Ben White,Leeds United,-,GB2,2019
Dion Sanderson,Cardiff City,-,GB2,2019
Conor Gallagher,Charlton Athletic,-,GB2,2019
Sam Surridge,Swansea City,-,GB2,2019
Luke Bolton,Luton Town,-,GB2,2019
Josh Bowler,Hull City,-,GB2,2019
Dujon Sterling,Wigan Athletic,-,GB2,2019
Jayson Molumby,FC Millwall,-,GB2,2019
Ben Woodburn,Oxford United,"5,00 mln €",GB3,2019
Kazaiah Sterling,Doncaster Rovers,"2,00 mln €",GB3,2019
Callum Connolly,Lincoln City,"2,00 mln €",GB3,2019
Callum Connolly,Fleetwood Town,"2,00 mln €",GB3,2019
Rocky Bushiri,FC Blackpool,"1,20 mln €",GB3,2019
Liam Bridcutt,Lincoln City,"1,00 mln €",GB3,2019
Cameron Borthwick-Jackson,Tranmere Rovers,"1,00 mln €",GB3,2019
Taylor Moore,FC Blackpool,"1,00 mln €",GB3,2019
George Thorne,Oxford United,"1,00 mln €",GB3,2019
Jamie Murphy,Burton Albion,"1,00 mln €",GB3,2019
Liam Bridcutt,Bolton Wanderers,"1,00 mln €",GB3,2019
Barrie McKay,Fleetwood Town,"1,00 mln €",GB3,2019
Ross McCrorie,FC Portsmouth,"1,00 mln €",GB3,2019
James Husband,FC Blackpool,"1,00 mln €",GB3,2019
Rushian Hepburn-Murphy,Tranmere Rovers,"1,00 mln €",GB3,2019
Marc McNulty,AFC Sunderland,"1,00 mln €",GB3,2019
Bailey Wright,AFC Sunderland,"1,00 mln €",GB3,2019
Laurens De Bock,AFC Sunderland,"1,00 mln €",GB3,2019
Declan John,AFC Sunderland,800 tys. €,GB3,2019
Liam Walsh,Coventry City,800 tys. €,GB3,2019
Luke Garbutt,Ipswich Town,750 tys. €,GB3,2019
Marcus Browne,Oxford United,750 tys. €,GB3,2019
Max O'Leary,Shrewsbury Town,750 tys. €,GB3,2019
Toto Nsiala,Bolton Wanderers,750 tys. €,GB3,2019
Matty Taylor,Oxford United,750 tys. €,GB3,2019
Chris Cadden,Oxford United,700 tys. €,GB3,2019
Liam Kelly,Oxford United,600 tys. €,GB3,2019
Josh Earl,Bolton Wanderers,500 tys. €,GB3,2019
Jamal Blackman,Bristol Rovers,500 tys. €,GB3,2019
Conor McAleny,Shrewsbury Town,500 tys. €,GB3,2019
Connor Ronan,FC Blackpool,500 tys. €,GB3,2019
Rolando Aarons,Wycombe Wanderers,500 tys. €,GB3,2019
Marc Bola,FC Blackpool,500 tys. €,GB3,2019
Ben Heneghan,FC Blackpool,500 tys. €,GB3,2019
Antoine Semenyo,AFC Sunderland,500 tys. €,GB3,2019
Hakeeb Adelakun,Rotherham United,500 tys. €,GB3,2019
Jason McCarthy,Wycombe Wanderers,500 tys. €,GB3,2019
James Vaughan,Tranmere Rovers,500 tys. €,GB3,2019
Cameron McGeehan,FC Portsmouth,500 tys. €,GB3,2019
Josh Earl,Ipswich Town,500 tys. €,GB3,2019
Daniel Iversen,Rotherham United,500 tys. €,GB3,2019
David Stockdale,Wycombe Wanderers,500 tys. €,GB3,2019
Olly Lee,FC Gillingham,450 tys. €,GB3,2019
Jordan Rossiter,Fleetwood Town,450 tys. €,GB3,2019
Jake Hastie,Rotherham United,450 tys. €,GB3,2019
Courtney Baker-Richardson,Accrington Stanley,350 tys. €,GB3,2019
Mads Bech Sörensen,AFC Wimbledon,350 tys. €,GB3,2019
Jimmy Dunne,Fleetwood Town,300 tys. €,GB3,2019
Lewie Coyle,Fleetwood Town,250 tys. €,GB3,2019
Josh Ginnelly,Bristol Rovers,250 tys. €,GB3,2019
Sean Raggett,FC Portsmouth,250 tys. €,GB3,2019
Joe Day,AFC Wimbledon,250 tys. €,GB3,2019
Conor Shaughnessy,Burton Albion,250 tys. €,GB3,2019
Louis Thompson,Shrewsbury Town,250 tys. €,GB3,2019
Will Norris,Ipswich Town,250 tys. €,GB3,2019
Kean Bryan,Bolton Wanderers,250 tys. €,GB3,2019
Louis Thompson,Milton Keynes Dons,250 tys. €,GB3,2019
Mikael Ndjoli,FC Gillingham,250 tys. €,GB3,2019
Jordan Graham,FC Gillingham,250 tys. €,GB3,2019
Donervon Daniels,Doncaster Rovers,250 tys. €,GB3,2019
Jak Alnwick,FC Blackpool,250 tys. €,GB3,2019
Sam Hart,Shrewsbury Town,250 tys. €,GB3,2019
Thibaud Verlinden,Bolton Wanderers,250 tys. €,GB3,2019
Tyler Walker,Lincoln City,250 tys. €,GB3,2019
Kane Wilson,Tranmere Rovers,250 tys. €,GB3,2019
Paul Smyth,Wycombe Wanderers,250 tys. €,GB3,2019
Jason Lokilo,Doncaster Rovers,200 tys. €,GB3,2019
Harry Souttar,Fleetwood Town,200 tys. €,GB3,2019
Jake Hesketh,Lincoln City,200 tys. €,GB3,2019
Brandon Fleming,Bolton Wanderers,150 tys. €,GB3,2019
Josh Koroma,Rotherham United,150 tys. €,GB3,2019
Carlton Morris,Rotherham United,150 tys. €,GB3,2019
Reece Brown,Peterborough United,150 tys. €,GB3,2019
Seny Dieng,Doncaster Rovers,150 tys. €,GB3,2019
Marcus Forss,AFC Wimbledon,150 tys. €,GB3,2019
Nnamdi Ofoborh,Wycombe Wanderers,150 tys. €,GB3,2019
Jordan Roberts,FC Gillingham,150 tys. €,GB3,2019
Sammie Szmodics,Peterborough United,150 tys. €,GB3,2019
Benny Ashley-Seal,Accrington Stanley,150 tys. €,GB3,2019
Tennai Watson,Coventry City,150 tys. €,GB3,2019
Steve Seddon,FC Portsmouth,150 tys. €,GB3,2019
Jake Wright,Bolton Wanderers,150 tys. €,GB3,2019
Carlton Morris,Milton Keynes Dons,150 tys. €,GB3,2019
Patrik Gunnarsson,Southend United,150 tys. €,GB3,2019
Alfie Jones,FC Gillingham,100 tys. €,GB3,2019
Victor Adeboyejo,Bristol Rovers,100 tys. €,GB3,2019
Ryan Delaney,AFC Wimbledon,100 tys. €,GB3,2019
Connor Simpson,Accrington Stanley,100 tys. €,GB3,2019
Callum Lang,Shrewsbury Town,100 tys. €,GB3,2019
Max Melbourne,Lincoln City,100 tys. €,GB3,2019
Alex Jakubiak,FC Gillingham,100 tys. €,GB3,2019
Anthony Georgiou,Ipswich Town,50 tys. €,GB3,2019
Anthony Georgiou,Bolton Wanderers,50 tys. €,GB3,2019
Aaron Chapman,Tranmere Rovers,25 tys. €,GB3,2019
Alex Woodyard,Tranmere Rovers,25 tys. €,GB3,2019
Bobby Grant,Accrington Stanley,-,GB3,2019
Andy Cook,Tranmere Rovers,-,GB3,2019
Ethan Hamilton,Southend United,-,GB3,2019
Thomas O'Connor,FC Gillingham,-,GB3,2019
Sadou Diallo,Accrington Stanley,-,GB3,2019
Tyreece John-Jules,Lincoln City,-,GB3,2019
Layton Ndukwu,Southend United,-,GB3,2019
Robert Sánchez,AFC Rochdale,-,GB3,2019
Josh Knight,Peterborough United,-,GB3,2019
Morgan Feeney,Tranmere Rovers,-,GB3,2019
Callum O'Hare,Coventry City,-,GB3,2019
Sam McCallum,Coventry City,-,GB3,2019
Aji Alese,Accrington Stanley,-,GB3,2019
Dan Barlaser,Rotherham United,-,GB3,2019
Tyler Smith,Bristol Rovers,-,GB3,2019
Nathan Holland,Oxford United,-,GB3,2019
Nathan Trott,AFC Wimbledon,-,GB3,2019
Jerome Opoku,Accrington Stanley,-,GB3,2019
Tyler Smith,AFC Rochdale,-,GB3,2019
Niall Ennis,Doncaster Rovers,-,GB3,2019
Ethan Hamilton,Bolton Wanderers,-,GB3,2019
Andy Fisher,Milton Keynes Dons,-,GB3,2019
Joe Morrell,Lincoln City,-,GB3,2019
Jacob Ramsey,Doncaster Rovers,-,GB3,2019
Ísak Snaer Thorvaldsson,Fleetwood Town,-,GB3,2019
Timmy Abraham,Bristol Rovers,-,GB3,2019
Tyler Magloire,AFC Rochdale,-,GB3,2019
Kayne Ramsay,Shrewsbury Town,-,GB3,2019
Nathan Broadhead,Burton Albion,-,GB3,2019
Ben Sheaf,Doncaster Rovers,-,GB3,2019
Lewis Gibson,Fleetwood Town,-,GB3,2019
Jayden Mitchell-Lawson,Bristol Rovers,-,GB3,2019
Giles Phillips,Wycombe Wanderers,-,GB3,2019
Kiernan Dewsbury-Hall,FC Blackpool,-,GB3,2019
Rhys Norrington-Davies,AFC Rochdale,-,GB3,2019
Kieran O'Hara,Burton Albion,-,GB3,2019
Jacob Maddox,Tranmere Rovers,-,GB3,2019
Michael Folivi,AFC Wimbledon,-,GB3,2019
Luke McCormick,Shrewsbury Town,-,GB3,2019
Conor Coventry,Lincoln City,-,GB3,2019
Ryan Giles,Coventry City,-,GB3,2019
Luke Matheson,AFC Rochdale,-,GB3,2019
Max Sanders,AFC Wimbledon,-,GB3,2019
Rekeil Pyke,AFC Rochdale,-,GB3,2019
Jordan Ponticelli,Tranmere Rovers,-,GB3,2019
Josef Bursik,Accrington Stanley,-,GB3,2019
Ryan Giles,Shrewsbury Town,-,GB3,2019
Timothy Eyoma,Lincoln City,-,GB3,2019
Julien Lamy,AFC Wimbledon,-,GB3,2019
Richard Nartey,Burton Albion,-,GB3,2019
Cameron John,Doncaster Rovers,-,GB3,2019
Kazaiah Sterling,Leyton Orient,"2,00 mln €",GB4,2019
Cameron Borthwick-Jackson,Oldham Athletic,"1,00 mln €",GB4,2019
Ousseynou Cissé,Leyton Orient,700 tys. €,GB4,2019
Eoin Doyle,Swindon Town,650 tys. €,GB4,2019
Ethan Robson,Grimsby Town,500 tys. €,GB4,2019
Zak Rudden,Plymouth Argyle,400 tys. €,GB4,2019
Glenn Middleton,Bradford City,400 tys. €,GB4,2019
Jack Baldwin,Salford City,400 tys. €,GB4,2019
Rob Hall,Forest Green Rovers,400 tys. €,GB4,2019
Filipe Morais,Oldham Athletic,350 tys. €,GB4,2019
Gavin Reilly,Cheltenham Town,350 tys. €,GB4,2019
Mark Howard,Salford City,300 tys. €,GB4,2019
Tom Nichols,Cheltenham Town,300 tys. €,GB4,2019
Jonathan Mitchell,Macclesfield Town FC,250 tys. €,GB4,2019
Conor Shaughnessy,Mansfield Town,250 tys. €,GB4,2019
Matt Palmer,Bradford City,250 tys. €,GB4,2019
Nathan Thomas,Carlisle United,250 tys. €,GB4,2019
Stephen Walker,Crewe Alexandra,250 tys. €,GB4,2019
Tyreeq Bakinson,Plymouth Argyle,250 tys. €,GB4,2019
Tafari Moore,Colchester United,200 tys. €,GB4,2019
Theo Robinson,Colchester United,200 tys. €,GB4,2019
Chuma Anene,Crewe Alexandra,200 tys. €,GB4,2019
Anthony Grant,Swindon Town,200 tys. €,GB4,2019
Theo Robinson,Colchester United,200 tys. €,GB4,2019
Jamie Proctor,Scunthorpe United,175 tys. €,GB4,2019
Ben Coker,Cambridge United,150 tys. €,GB4,2019
Rarmani Edmonds-Green,Swindon Town,150 tys. €,GB4,2019
Odin Bailey,Forest Green Rovers,150 tys. €,GB4,2019
Ashley Hunter,Salford City,150 tys. €,GB4,2019
Ryan Inniss,Newport County,150 tys. €,GB4,2019
Rory Gaffney,FC Walsall,150 tys. €,GB4,2019
Junior Brown,Scunthorpe United,150 tys. €,GB4,2019
Jake Jervis,Salford City,150 tys. €,GB4,2019
Jamie Devitt,Bradford City,150 tys. €,GB4,2019
Connor Kirby,Macclesfield Town FC,100 tys. €,GB4,2019
Christoffer Mafoumbi,FC Morecambe,100 tys. €,GB4,2019
Luke McGee,Bradford City,100 tys. €,GB4,2019
Rory Holden,FC Walsall,100 tys. €,GB4,2019
Admiral Muskwe,Swindon Town,100 tys. €,GB4,2019
Jerry Yates,Swindon Town,100 tys. €,GB4,2019
Charlie Lakin,FC Stevenage,100 tys. €,GB4,2019
Jack Rose,FC Walsall,100 tys. €,GB4,2019
George Cooper,Plymouth Argyle,100 tys. €,GB4,2019
Steven Benda,Swindon Town,100 tys. €,GB4,2019
Joe Wollacott,Forest Green Rovers,100 tys. €,GB4,2019
Ian Lawlor,Scunthorpe United,100 tys. €,GB4,2019
Scott Wharton,Northampton Town,100 tys. €,GB4,2019
Sam Smith,Cambridge United,100 tys. €,GB4,2019
Callum Cooke,Bradford City,100 tys. €,GB4,2019
Jordan Green,Newport County,100 tys. €,GB4,2019
Aramide Oteh,Bradford City,100 tys. €,GB4,2019
Jerry Yates,Swindon Town,100 tys. €,GB4,2019
Victor Adeboyejo,Cambridge United,100 tys. €,GB4,2019
Josh Dacres-Cogley,Crawley Town,100 tys. €,GB4,2019
Jake Eastwood,Scunthorpe United,100 tys. €,GB4,2019
George Miller,Scunthorpe United,100 tys. €,GB4,2019
Adam Phillips,FC Morecambe,75 tys. €,GB4,2019
Otis Khan,Newport County,75 tys. €,GB4,2019
Gregor Zabret,Oldham Athletic,75 tys. €,GB4,2019
Carl Piergianni,Oldham Athletic,50 tys. €,GB4,2019
Joshua Kayode,Carlisle United,50 tys. €,GB4,2019
Adam May,Swindon Town,50 tys. €,GB4,2019
Owen Evans,Macclesfield Town FC,50 tys. €,GB4,2019
Owen Evans,Cheltenham Town,50 tys. €,GB4,2019
Emmanuel Dieseruvwe,Oldham Athletic,50 tys. €,GB4,2019
Ashley Smith-Brown,Oldham Athletic,-,GB4,2019
Paul Mullin,Cambridge United,-,GB4,2019
Shaun Miller,FC Morecambe,-,GB4,2019
Dale Gorman,Newport County,-,GB4,2019
Cameron Burgess,Salford City,-,GB4,2019
Conrad Logan,Forest Green Rovers,-,GB4,2019
Mason Bloomfield,Crawley Town,-,GB4,2019
Billy Waters,Newport County,-,GB4,2019
Canice Carroll,Carlisle United,-,GB4,2019
Ryan Hardie,Plymouth Argyle,-,GB4,2019
Danny Whitehead,Macclesfield Town FC,-,GB4,2019
Lloyd Jones,Northampton Town,-,GB4,2019
Craig Mackail-Smith,FC Stevenage,-,GB4,2019
Mitchell Clark,Port Vale FC,-,GB4,2019
Jonny Smith,Oldham Athletic,-,GB4,2019
Anthony Driscoll-Glennon,Grimsby Town,-,GB4,2019
Jordan Lawrence-Gabriel,Scunthorpe United,-,GB4,2019
Andy Fisher,Northampton Town,-,GB4,2019
Marcus Dewhurst,Carlisle United,-,GB4,2019
Cameron Pring,FC Walsall,-,GB4,2019
Ryan Cooney,FC Morecambe,-,GB4,2019
Kell Watts,FC Stevenage,-,GB4,2019
Oladapo Afolayan,Mansfield Town,-,GB4,2019
Olufela Olomola,Carlisle United,-,GB4,2019
Josh Grant,Plymouth Argyle,-,GB4,2019
Callum Morton,Northampton Town,-,GB4,2019
Michael Luyambula,Crawley Town,-,GB4,2019
Josh Benson,Grimsby Town,-,GB4,2019
Jacob Greaves,Cheltenham Town,-,GB4,2019
Jack Evans,Mansfield Town,-,GB4,2019
Ryan Loft,Carlisle United,-,GB4,2019
Corey O'Keeffe,Macclesfield Town FC,-,GB4,2019
Diallang Jaiyesimi,Swindon Town,-,GB4,2019
Tom McGill,Crawley Town,-,GB4,2019
Harvey Bradbury,FC Morecambe,-,GB4,2019
Sam Hughes,Salford City,-,GB4,2019
Liam Gibson,Grimsby Town,-,GB4,2019
Christian N'Guessan,Oldham Athletic,-,GB4,2019
Luke Burgess,Salford City,-,GB4,2019
Elias Sörensen,Carlisle United,-,GB4,2019
Jake Taylor,Port Vale FC,-,GB4,2019
Max Sheaf,Cheltenham Town,-,GB4,2019
Jake Doyle-Hayes,Cheltenham Town,-,GB4,2019
Nathan Sheron,FC Walsall,-,GB4,2019
Jayden Richardson,Exeter City,-,GB4,2019
Dylan Connolly,Bradford City,-,GB4,2019
Michael Nottingham,Crewe Alexandra,-,GB4,2019
Taylor Maloney,Newport County,-,GB4,2019
Idris El Mizouni,Cambridge United,-,GB4,2019
Jack Roles,Cambridge United,-,GB4,2019
Kyle Taylor,Forest Green Rovers,-,GB4,2019
Virgil Gomis,Macclesfield Town FC,-,GB4,2019
Kell Watts,Mansfield Town,-,GB4,2019
Ben Folami,FC Stevenage,-,GB4,2019
James Morton,Forest Green Rovers,-,GB4,2019
Elliot Watt,Carlisle United,-,GB4,2019
Joe Leesley,FC Stevenage,-,GB4,2019
Danny McNamara,Newport County,-,GB4,2019
George Tanner,FC Morecambe,-,GB4,2019
Daniel Ballard,Swindon Town,-,GB4,2019
Alex Palmer,Plymouth Argyle,-,GB4,2019
Regan Slater,Scunthorpe United,-,GB4,2019
Dan Kemp,FC Stevenage,-,GB4,2019
Brendan Wiredu,Colchester United,-,GB4,2019
Ben Liddle,Scunthorpe United,-,GB4,2019
Shilow Tracey,Macclesfield Town FC,-,GB4,2019
Sam French,FC Stevenage,-,GB4,2019
James Olayinka,Northampton Town,-,GB4,2019
George Marsh,Leyton Orient,-,GB4,2019
George Nurse,Newport County,-,GB4,2019
Eddie Clarke,Macclesfield Town FC,-,GB4,2019
Jevani Brown,Forest Green Rovers,-,GB4,2019
George Tanner,Salford City,-,GB4,2019
David Parkhouse,FC Stevenage,-,GB4,2019
Jack Aitchison,Forest Green Rovers,-,GB4,2019
Robbie Cundy,Exeter City,-,GB4,2019
Yannick Bolasie,Aston Villa,"18,00 mln €",GB2,2018
Tammy Abraham,Aston Villa,"10,00 mln €",GB2,2018
Benik Afobe,Stoke City,"10,00 mln €",GB2,2018
Jordan Hugill,FC Middlesbrough,"8,00 mln €",GB2,2018
Tom Carroll,Aston Villa,"7,00 mln €",GB2,2018
Mason Holgate,West Bromwich Albion,"7,00 mln €",GB2,2018
Jordan Rhodes,Norwich City,"6,00 mln €",GB2,2018
Pelé,Nottingham Forest,"6,00 mln €",GB2,2018
Lewis Baker,Leeds United,"5,50 mln €",GB2,2018
Lewis Baker,FC Reading,"5,50 mln €",GB2,2018
Izzy Brown,Leeds United,"5,00 mln €",GB2,2018
Léo Bonatini,Nottingham Forest,"5,00 mln €",GB2,2018
Tomas Kalas,Bristol City,"5,00 mln €",GB2,2018
Scott Hogan,Sheffield United,"5,00 mln €",GB2,2018
Ben Brereton Díaz,Blackburn Rovers,"5,00 mln €",GB2,2018
Ashley Williams,Stoke City,"5,00 mln €",GB2,2018
Muhamed Besic,FC Middlesbrough,"5,00 mln €",GB2,2018
Nélson Oliveira,FC Reading,"5,00 mln €",GB2,2018
Ben Woodburn,Sheffield United,"5,00 mln €",GB2,2018
Nahki Wells,Queens Park Rangers,"4,50 mln €",GB2,2018
Rajiv van La Parra,FC Middlesbrough,"4,00 mln €",GB2,2018
Gary Madine,Sheffield United,"4,00 mln €",GB2,2018
Sam Byram,Nottingham Forest,"4,00 mln €",GB2,2018
Yanic Wildschut,Bolton Wanderers,"4,00 mln €",GB2,2018
Mason Mount,Derby County,"4,00 mln €",GB2,2018
Stefan Johansen,West Bromwich Albion,"4,00 mln €",GB2,2018
Jack Colback,Nottingham Forest,"3,50 mln €",GB2,2018
Tyrone Mings,Aston Villa,"3,50 mln €",GB2,2018
Jack Harrison,Leeds United,"3,50 mln €",GB2,2018
Chris Martin,Hull City,"3,50 mln €",GB2,2018
Saidy Janko,Nottingham Forest,"3,00 mln €",GB2,2018
Josh Onomah,Sheffield Wednesday,"3,00 mln €",GB2,2018
Oliver Norwood,Sheffield United,"3,00 mln €",GB2,2018
Matt Miazga,FC Reading,"3,00 mln €",GB2,2018
Andy King,Derby County,"3,00 mln €",GB2,2018
Kieran Dowell,Sheffield United,"3,00 mln €",GB2,2018
Gil Dias,Nottingham Forest,"3,00 mln €",GB2,2018
Michael Hector,Sheffield Wednesday,"3,00 mln €",GB2,2018
Beni Baningime,Wigan Athletic,"2,50 mln €",GB2,2018
Cuco Martina,Stoke City,"2,50 mln €",GB2,2018
Tomer Hemed,Queens Park Rangers,"2,50 mln €",GB2,2018
Geoff Cameron,Queens Park Rangers,"2,50 mln €",GB2,2018
Ryan Woods,Stoke City,"2,50 mln €",GB2,2018
Diogo Gonçalves,Nottingham Forest,"2,50 mln €",GB2,2018
Tommy Elphick,Hull City,"2,50 mln €",GB2,2018
Marvin Johnson,Sheffield United,"2,00 mln €",GB2,2018
Jonathan Walters,Ipswich Town,"2,00 mln €",GB2,2018
Callum Connolly,Bolton Wanderers,"2,00 mln €",GB2,2018
Ben Marshall,FC Millwall,"1,50 mln €",GB2,2018
Kasey Palmer,Blackburn Rovers,"1,50 mln €",GB2,2018
Jefferson Montero,West Bromwich Albion,"1,50 mln €",GB2,2018
Collin Quaner,Ipswich Town,"1,50 mln €",GB2,2018
Marc Pugh,Hull City,"1,50 mln €",GB2,2018
Gary Gardner,Birmingham City,"1,50 mln €",GB2,2018
Saeid Ezatolahi,FC Reading,"1,50 mln €",GB2,2018
George Saville,FC Middlesbrough,"1,50 mln €",GB2,2018
Kasey Palmer,Bristol City,"1,50 mln €",GB2,2018
Todd Kane,Hull City,"1,25 mln €",GB2,2018
Danny Batth,FC Middlesbrough,"1,00 mln €",GB2,2018
Kortney Hause,Aston Villa,"1,00 mln €",GB2,2018
Lee Evans,Wigan Athletic,"1,00 mln €",GB2,2018
Tayo Edun,Ipswich Town,"1,00 mln €",GB2,2018
Axel Tuanzebe,Aston Villa,"1,00 mln €",GB2,2018
Ryan Leonard,FC Millwall,"1,00 mln €",GB2,2018
Will Keane,Ipswich Town,"1,00 mln €",GB2,2018
Sam McQueen,FC Middlesbrough,"1,00 mln €",GB2,2018
Molla Wagué,Nottingham Forest,"1,00 mln €",GB2,2018
Emiliano Martínez,FC Reading,"1,00 mln €",GB2,2018
André Moreira,Aston Villa,"1,00 mln €",GB2,2018
Fikayo Tomori,Derby County,"1,00 mln €",GB2,2018
Callum Connolly,Wigan Athletic,"1,00 mln €",GB2,2018
Harrison Reed,Blackburn Rovers,"1,00 mln €",GB2,2018
Achraf Lazaar,Sheffield Wednesday,"1,00 mln €",GB2,2018
Tosin Adarabioyo,West Bromwich Albion,"1,00 mln €",GB2,2018
James Bree,Ipswich Town,"1,00 mln €",GB2,2018
Cameron Carter-Vickers,Swansea City,"1,00 mln €",GB2,2018
Ovie Ejaria,FC Reading,900 tys. €,GB2,2018
Omar Bogle,Birmingham City,750 tys. €,GB2,2018
Tom Bradshaw,FC Millwall,750 tys. €,GB2,2018
Ben Amos,FC Millwall,750 tys. €,GB2,2018
Josh Sims,FC Reading,750 tys. €,GB2,2018
Alex Pearce,FC Millwall,750 tys. €,GB2,2018
Leon Clarke,Wigan Athletic,750 tys. €,GB2,2018
Dan Burn,Wigan Athletic,750 tys. €,GB2,2018
Jordan Graham,Ipswich Town,500 tys. €,GB2,2018
Rolando Aarons,Sheffield Wednesday,500 tys. €,GB2,2018
Matthew Pennington,Ipswich Town,500 tys. €,GB2,2018
Antonee Robinson,Wigan Athletic,500 tys. €,GB2,2018
Joe Williams,Bolton Wanderers,500 tys. €,GB2,2018
Jonathan Grounds,Bolton Wanderers,500 tys. €,GB2,2018
Brandon Barker,Preston North End,400 tys. €,GB2,2018
Sean Raggett,Rotherham United,250 tys. €,GB2,2018
Jamal Blackman,Leeds United,250 tys. €,GB2,2018
Christian Walton,Wigan Athletic,250 tys. €,GB2,2018
Callum Elder,Ipswich Town,250 tys. €,GB2,2018
Ryan Manning,Rotherham United,250 tys. €,GB2,2018
Connor Mahoney,Birmingham City,250 tys. €,GB2,2018
Jay Dasilva,Bristol City,250 tys. €,GB2,2018
Dean Henderson,Sheffield United,250 tys. €,GB2,2018
Harvey Barnes,West Bromwich Albion,250 tys. €,GB2,2018
Janoi Donacien,Ipswich Town,250 tys. €,GB2,2018
Richie Towell,Rotherham United,200 tys. €,GB2,2018
Remi Matthews,Bolton Wanderers,200 tys. €,GB2,2018
Marek Rodak,Rotherham United,100 tys. €,GB2,2018
Zak Vyner,Rotherham United,100 tys. €,GB2,2018
Reece James,Wigan Athletic,-,GB2,2018
Christian Doidge,Bolton Wanderers,-,GB2,2018
Brad Lyons,Blackburn Rovers,-,GB2,2018
Trevoh Chalobah,Ipswich Town,-,GB2,2018
Mitchel Candlin,Blackburn Rovers,-,GB2,2018
Rowan Roache,Derby County,-,GB2,2018
Cameron Borthwick-Jackson,Scunthorpe United,"3,00 mln €",GB3,2018
Lee Tomlin,Peterborough United,"2,50 mln €",GB3,2018
Zach Clough,AFC Rochdale,"2,50 mln €",GB3,2018
Zach Clough,AFC Rochdale,"2,50 mln €",GB3,2018
Jacob Butterfield,Bradford City,"2,50 mln €",GB3,2018
David Stockdale,Southend United,"2,00 mln €",GB3,2018
Krystian Bielik,Charlton Athletic,"2,00 mln €",GB3,2018
Joe Mason,FC Portsmouth,"1,50 mln €",GB3,2018
David Meyler,Coventry City,"1,50 mln €",GB3,2018
George Thorne,Luton Town,"1,50 mln €",GB3,2018
Jerome Sinclair,Oxford United,"1,50 mln €",GB3,2018
Jerome Sinclair,AFC Sunderland,"1,50 mln €",GB3,2018
James Husband,Fleetwood Town,"1,00 mln €",GB3,2018
David Stockdale,Wycombe Wanderers,"1,00 mln €",GB3,2018
David Stockdale,Coventry City,"1,00 mln €",GB3,2018
Luke Garbutt,Oxford United,"1,00 mln €",GB3,2018
Andre Green,FC Portsmouth,"1,00 mln €",GB3,2018
Jamie Ward,Charlton Athletic,"1,00 mln €",GB3,2018
Josh Cullen,Charlton Athletic,"1,00 mln €",GB3,2018
Alex Baptiste,Luton Town,"1,00 mln €",GB3,2018
Jason Cummings,Peterborough United,800 tys. €,GB3,2018
Jason Cummings,Luton Town,800 tys. €,GB3,2018
Max Power,AFC Sunderland,750 tys. €,GB3,2018
Stephen Henderson,Wycombe Wanderers,750 tys. €,GB3,2018
Leonardo Lopes,FC Gillingham,750 tys. €,GB3,2018
Stuart O'Keefe,Plymouth Argyle,750 tys. €,GB3,2018
Eunan O'Kane,Luton Town,750 tys. €,GB3,2018
Jason Holt,Fleetwood Town,750 tys. €,GB3,2018
Lewis Morgan,AFC Sunderland,750 tys. €,GB3,2018
Cauley Woodrow,FC Barnsley,750 tys. €,GB3,2018
Jamie Walker,Peterborough United,750 tys. €,GB3,2018
Janoi Donacien,Accrington Stanley,750 tys. €,GB3,2018
Ahmed Kashi,Oxford United,700 tys. €,GB3,2018
Greg Docherty,Shrewsbury Town,600 tys. €,GB3,2018
Danny Lafferty,Peterborough United,500 tys. €,GB3,2018
Bright Enobakhare,Coventry City,500 tys. €,GB3,2018
Devante Cole,Burton Albion,500 tys. €,GB3,2018
Matt Macey,Plymouth Argyle,500 tys. €,GB3,2018
Chris Maxwell,Charlton Athletic,500 tys. €,GB3,2018
Jed Steer,Charlton Athletic,500 tys. €,GB3,2018
Omar Bogle,FC Portsmouth,500 tys. €,GB3,2018
Jordan Graham,Oxford United,500 tys. €,GB3,2018
Aaron Ramsdale,AFC Wimbledon,500 tys. €,GB3,2018
Tommy Spurr,Fleetwood Town,500 tys. €,GB3,2018
Ricky Holmes,FC Gillingham,500 tys. €,GB3,2018
Matt Jarvis,FC Walsall,500 tys. €,GB3,2018
James Vaughan,FC Portsmouth,500 tys. €,GB3,2018
George Thomas,Scunthorpe United,500 tys. €,GB3,2018
Taylor Moore,Southend United,500 tys. €,GB3,2018
David Wheeler,FC Portsmouth,500 tys. €,GB3,2018
Tony McMahon,Scunthorpe United,500 tys. €,GB3,2018
Connor Randall,AFC Rochdale,500 tys. €,GB3,2018
Fred Onyedinma,Wycombe Wanderers,500 tys. €,GB3,2018
Ricky Holmes,Oxford United,500 tys. €,GB3,2018
Harry Bunn,Southend United,500 tys. €,GB3,2018
Joel Coleman,Shrewsbury Town,500 tys. €,GB3,2018
Charlie Colkett,Shrewsbury Town,400 tys. €,GB3,2018
Ben Heneghan,FC Blackpool,400 tys. €,GB3,2018
Graham Burke,FC Gillingham,350 tys. €,GB3,2018
Billy King,FC Gillingham,350 tys. €,GB3,2018
Josh Clarke,Burton Albion,350 tys. €,GB3,2018
Jack Payne,Bradford City,350 tys. €,GB3,2018
Samir Carruthers,Oxford United,350 tys. €,GB3,2018
Kyle Dempsey,Peterborough United,350 tys. €,GB3,2018
Ched Evans,Fleetwood Town,350 tys. €,GB3,2018
David Ball,Bradford City,300 tys. €,GB3,2018
Jimmy Dunne,AFC Sunderland,300 tys. €,GB3,2018
Jak Alnwick,Scunthorpe United,250 tys. €,GB3,2018
Paul Downing,Doncaster Rovers,250 tys. €,GB3,2018
Joseph Dodoo,FC Blackpool,250 tys. €,GB3,2018
Kane Wilson,FC Walsall,250 tys. €,GB3,2018
Stephen Humphrys,Scunthorpe United,250 tys. €,GB3,2018
Jordan Smith,FC Barnsley,250 tys. €,GB3,2018
Bryn Morris,Wycombe Wanderers,250 tys. €,GB3,2018
Connor Ripley,Accrington Stanley,250 tys. €,GB3,2018
Viv Solomon-Otabor,FC Portsmouth,250 tys. €,GB3,2018
Tom Pearce,Scunthorpe United,250 tys. €,GB3,2018
Andy Lonergan,AFC Rochdale,250 tys. €,GB3,2018
Iké Ugbo,Scunthorpe United,250 tys. €,GB3,2018
Connor Ronan,FC Walsall,250 tys. €,GB3,2018
Paul Smyth,Accrington Stanley,250 tys. €,GB3,2018
Ben Purrington,Charlton Athletic,250 tys. €,GB3,2018
Marcus Browne,Oxford United,250 tys. €,GB3,2018
Ben Purrington,AFC Wimbledon,250 tys. €,GB3,2018
Mike-Steven Bähre,FC Barnsley,250 tys. €,GB3,2018
Matt Ingram,Wycombe Wanderers,250 tys. €,GB3,2018
Ethan Ebanks-Landell,AFC Rochdale,250 tys. €,GB3,2018
Josh Emmanuel,Shrewsbury Town,200 tys. €,GB3,2018
Oscar Threlkeld,Plymouth Argyle,200 tys. €,GB3,2018
Harry Souttar,Fleetwood Town,200 tys. €,GB3,2018
Conor Chaplin,Coventry City,200 tys. €,GB3,2018
Ben Thompson,FC Portsmouth,200 tys. €,GB3,2018
Michael Ihiekwe,Accrington Stanley,150 tys. €,GB3,2018
Jonathan Mitchell,Shrewsbury Town,150 tys. €,GB3,2018
Scott Laird,FC Walsall,150 tys. €,GB3,2018
Jonathan Mitchell,Oxford United,150 tys. €,GB3,2018
Jake Jervis,AFC Wimbledon,150 tys. €,GB3,2018
Adam King,Peterborough United,150 tys. €,GB3,2018
George Miller,Bradford City,100 tys. €,GB3,2018
Sam Smith,Oxford United,100 tys. €,GB3,2018
Lloyd Jones,Plymouth Argyle,100 tys. €,GB3,2018
Jack Bonham,Bristol Rovers,100 tys. €,GB3,2018
George Miller,Bradford City,100 tys. €,GB3,2018
Alex Jakubiak,Bristol Rovers,100 tys. €,GB3,2018
Tyler Denton,Peterborough United,100 tys. €,GB3,2018
Sam Hart,AFC Rochdale,100 tys. €,GB3,2018
Sam Smith,Shrewsbury Town,100 tys. €,GB3,2018
Aramide Oteh,FC Walsall,100 tys. €,GB3,2018
Sam Hart,Southend United,100 tys. €,GB3,2018
Jorge Grant,Luton Town,100 tys. €,GB3,2018
Tennai Watson,AFC Wimbledon,100 tys. €,GB3,2018
Tyler Garratt,AFC Wimbledon,75 tys. €,GB3,2018
Tom King,AFC Wimbledon,50 tys. €,GB3,2018
Stefan Payne,Shrewsbury Town,-,GB3,2018
Lloyd Isgrove,FC Portsmouth,-,GB3,2018
Joe Martin,Bristol Rovers,-,GB3,2018
Callum Guy,FC Blackpool,-,GB3,2018
Joe Bunney,AFC Rochdale,-,GB3,2018
Joe Bunney,FC Blackpool,-,GB3,2018
Jermaine Anderson,Doncaster Rovers,-,GB3,2018
Connor Ogilvie,FC Gillingham,-,GB3,2018
Luke Armstrong,Accrington Stanley,-,GB3,2018
Nick Anderton,Accrington Stanley,-,GB3,2018
Christian,Fleetwood Town,-,GB3,2018
Tyrese Campbell,Shrewsbury Town,-,GB3,2018
Elias Sörensen,FC Blackpool,-,GB3,2018
Michael Folivi,AFC Wimbledon,-,GB3,2018
Luke Charman,Accrington Stanley,-,GB3,2018
Herbie Kane,Doncaster Rovers,-,GB3,2018
Harry Burgoyne,Plymouth Argyle,-,GB3,2018
Jake Flannigan,Burton Albion,-,GB3,2018
Alex Bradley,Burton Albion,-,GB3,2018
Paudie O'Connor,FC Blackpool,-,GB3,2018
Aaron Lewis,Doncaster Rovers,-,GB3,2018
Charlie Fox,Wycombe Wanderers,-,GB3,2018
Lewis O'Brien,Bradford City,-,GB3,2018
Ethan Hamilton,AFC Rochdale,-,GB3,2018
Luke Thomas,Coventry City,-,GB3,2018
Brad Collins,Burton Albion,-,GB3,2018
Mallik Wilks,Doncaster Rovers,-,GB3,2018
Tyler Smith,Doncaster Rovers,-,GB3,2018
Connor Hall,Accrington Stanley,-,GB3,2018
Rory Holden,AFC Rochdale,-,GB3,2018
Steve Seddon,AFC Wimbledon,-,GB3,2018
Luke Bolton,Wycombe Wanderers,-,GB3,2018
Jake Hesketh,Burton Albion,-,GB3,2018
Connor Johnson,FC Walsall,-,GB3,2018
Ben White,Peterborough United,-,GB3,2018
Liam Gibson,Accrington Stanley,-,GB3,2018
Nya Kirby,FC Blackpool,-,GB3,2018
Jack Fitzwater,FC Walsall,-,GB3,2018
Corey Blackett-Taylor,FC Walsall,-,GB3,2018
Randell Williams,Wycombe Wanderers,-,GB3,2018
Aaron Connolly,Luton Town,-,GB3,2018
Paudie O'Connor,Bradford City,-,GB3,2018
Josh Knight,Peterborough United,-,GB3,2018
Tahvon Campbell,FC Gillingham,-,GB3,2018
Shawn McCoulsky,Southend United,-,GB3,2018
Antony Evans,FC Blackpool,-,GB3,2018
Matty Platt,Accrington Stanley,-,GB3,2018
Dujon Sterling,Coventry City,-,GB3,2018
Gabriel Osho,Bristol Rovers,-,GB3,2018
Magnus Norman,AFC Rochdale,-,GB3,2018
Jack Fitzwater,FC Walsall,-,GB3,2018
Dan Barlaser,Accrington Stanley,-,GB3,2018
Rekeil Pyke,AFC Rochdale,-,GB3,2018
Charlie Owens,Wycombe Wanderers,-,GB3,2018
Kazaiah Sterling,AFC Sunderland,-,GB3,2018
Sherwin Seedorf,Bradford City,-,GB3,2018
Rushian Hepburn-Murphy,Cambridge United,"1,00 mln €",GB4,2018
Nicky Ajose,Mansfield Town,750 tys. €,GB4,2018
Jordan Lyden,Oldham Athletic,500 tys. €,GB4,2018
David Wheeler,Milton Keynes Dons,500 tys. €,GB4,2018
Mark O'Hara,Lincoln City,450 tys. €,GB4,2018
Jordan Rossiter,FC Bury,450 tys. €,GB4,2018
Marvin Sordell,Northampton Town,400 tys. €,GB4,2018
Ben Pringle,Grimsby Town,350 tys. €,GB4,2018
Ben Pringle,Tranmere Rovers,350 tys. €,GB4,2018
Aaron Taylor-Sinclair,Crewe Alexandra,250 tys. €,GB4,2018
Jordan Smith,Mansfield Town,250 tys. €,GB4,2018
Tyrone Barnett,Cheltenham Town,250 tys. €,GB4,2018
Luke McCullough,Tranmere Rovers,250 tys. €,GB4,2018
Rob Milsom,Notts County,250 tys. €,GB4,2018
Kane Wilson,Exeter City,250 tys. €,GB4,2018
Ryan Sweeney,Mansfield Town,250 tys. €,GB4,2018
Matty Willock,Crawley Town,250 tys. €,GB4,2018
Adam Campbell,Carlisle United,250 tys. €,GB4,2018
Nathan Thomas,Notts County,250 tys. €,GB4,2018
Callum Styles,FC Bury,250 tys. €,GB4,2018
Nathan Thomas,Carlisle United,250 tys. €,GB4,2018
Gethin Jones,Mansfield Town,250 tys. €,GB4,2018
Tyler Walker,Mansfield Town,250 tys. €,GB4,2018
Alex Jones,Cambridge United,200 tys. €,GB4,2018
Luke Gambin,Crawley Town,200 tys. €,GB4,2018
Theo Robinson,Swindon Town,200 tys. €,GB4,2018
Shay McCartan,Lincoln City,200 tys. €,GB4,2018
Piero Mingoia,FC Morecambe,150 tys. €,GB4,2018
Louis Dodds,Port Vale FC,150 tys. €,GB4,2018
Lee Angol,Lincoln City,150 tys. €,GB4,2018
Jordan Tillson,Cheltenham Town,150 tys. €,GB4,2018
Caolan Lavery,FC Bury,150 tys. €,GB4,2018
Rhys Healey,Milton Keynes Dons,150 tys. €,GB4,2018
Tom Field,Cheltenham Town,150 tys. €,GB4,2018
James Brown,Lincoln City,150 tys. €,GB4,2018
Franklyn Akammadu,Tranmere Rovers,150 tys. €,GB4,2018
Kieron Morris,Tranmere Rovers,150 tys. €,GB4,2018
Sam Slocombe,Lincoln City,125 tys. €,GB4,2018
Ben Kennedy,Newport County,125 tys. €,GB4,2018
Kristian Dennis,Grimsby Town,100 tys. €,GB4,2018
Chiedozie Ogbene,Exeter City,100 tys. €,GB4,2018
Jorge Grant,Mansfield Town,100 tys. €,GB4,2018
Joe Maguire,Crawley Town,100 tys. €,GB4,2018
Charlie Goode,Northampton Town,100 tys. €,GB4,2018
Alexandru Dobre,Yeovil Town,100 tys. €,GB4,2018
Jordan Roberts,Lincoln City,100 tys. €,GB4,2018
Seny Dieng,FC Stevenage,100 tys. €,GB4,2018
Jerry Yates,Carlisle United,100 tys. €,GB4,2018
Scott Wharton,Lincoln City,100 tys. €,GB4,2018
Scott Wharton,FC Bury,100 tys. €,GB4,2018
Kevin O'Connor,Crewe Alexandra,100 tys. €,GB4,2018
Hayden Coulson,Cambridge United,100 tys. €,GB4,2018
Ilias Chair,FC Stevenage,100 tys. €,GB4,2018
Ryan Schofield,Notts County,100 tys. €,GB4,2018
Donovan Wilson,Exeter City,100 tys. €,GB4,2018
Botti Biabi,Macclesfield Town FC,100 tys. €,GB4,2018
Mathew Hudson,FC Bury,100 tys. €,GB4,2018
Liam Mandeville,FC Morecambe,100 tys. €,GB4,2018
Danny Rowe,Lincoln City,100 tys. €,GB4,2018
Sid Nelson,Tranmere Rovers,75 tys. €,GB4,2018
Callum Roberts,Colchester United,75 tys. €,GB4,2018
Aaron Collins,Colchester United,75 tys. €,GB4,2018
Sid Nelson,Swindon Town,75 tys. €,GB4,2018
Enes Mahmutovic,Yeovil Town,75 tys. €,GB4,2018
Jamie Sterry,Crewe Alexandra,75 tys. €,GB4,2018
Idris Kanu,Port Vale FC,75 tys. €,GB4,2018
Dylan Mottley-Henry,Tranmere Rovers,50 tys. €,GB4,2018
Jack Sowerby,Carlisle United,50 tys. €,GB4,2018
Daniel Iversen,Oldham Athletic,50 tys. €,GB4,2018
Fiacre Kelleher,Macclesfield Town FC,50 tys. €,GB4,2018
Akin Famewo,Grimsby Town,25 tys. €,GB4,2018
Billy Waters,Cheltenham Town,-,GB4,2018
Kyle Bennett,Swindon Town,-,GB4,2018
Mark Cullen,Carlisle United,-,GB4,2018
Scott Quigley,Port Vale FC,-,GB4,2018
Canice Carroll,Swindon Town,-,GB4,2018
Charlie Raglan,Cheltenham Town,-,GB4,2018
Omari Patrick,Yeovil Town,-,GB4,2018
Craig Mackail-Smith,Notts County,-,GB4,2018
Luke Hendrie,Grimsby Town,-,GB4,2018
Regan Poole,Newport County,-,GB4,2018
Calum Dyson,FC Stevenage,-,GB4,2018
Ben Hall,Notts County,-,GB4,2018
Mark Harris,Port Vale FC,-,GB4,2018
Callum O'Hare,Carlisle United,-,GB4,2018
Mitchell Clark,Port Vale FC,-,GB4,2018
Jake Doyle-Hayes,Cambridge United,-,GB4,2018
Virgil Gomis,Notts County,-,GB4,2018
Luke Woolfenden,Swindon Town,-,GB4,2018
Jake Hesketh,Milton Keynes Dons,-,GB4,2018
Steve Seddon,FC Stevenage,-,GB4,2018
Ben Morris,Forest Green Rovers,-,GB4,2018
Tristan Abrahams,Exeter City,-,GB4,2018
Timi Max Elsnik,Northampton Town,-,GB4,2018
Cameron Pring,Cheltenham Town,-,GB4,2018
Reece Cole,Yeovil Town,-,GB4,2018
Adam Crookes,Lincoln City,-,GB4,2018
Sam Jones,Cheltenham Town,-,GB4,2018
Olufela Olomola,Yeovil Town,-,GB4,2018
Antoine Semenyo,Newport County,-,GB4,2018
Malachi Napa,Macclesfield Town FC,-,GB4,2018
Jordan Ponticelli,Macclesfield Town FC,-,GB4,2018
Tyreeq Bakinson,Newport County,-,GB4,2018
Kieran O'Hara,Macclesfield Town FC,-,GB4,2018
Kyle Howkins,Port Vale FC,-,GB4,2018
Sam Dalby,FC Morecambe,-,GB4,2018
Corey Whelan,Crewe Alexandra,-,GB4,2018
Theo Archibald,Forest Green Rovers,-,GB4,2018
Alex Palmer,Notts County,-,GB4,2018
Harvey Gilmour,Tranmere Rovers,-,GB4,2018
George Cox,Northampton Town,-,GB4,2018
Richie Bennett,FC Morecambe,-,GB4,2018
Elliot Embleton,Grimsby Town,-,GB4,2018
Stephen Walker,Milton Keynes Dons,-,GB4,2018
Jacob Maddox,Cheltenham Town,-,GB4,2018
Jaden Brown,Exeter City,-,GB4,2018
Charlie Cooper,Newport County,-,GB4,2018
Dara O'Shea,Exeter City,-,GB4,2018
Abo Eisa,Colchester United,-,GB4,2018
Elijah Adebayo,FC Stevenage,-,GB4,2018
Callum Whelan,Port Vale FC,-,GB4,2018
Connor Simpson,Carlisle United,-,GB4,2018
Lewis Ward,Forest Green Rovers,-,GB4,2018
Joe Fryer,Carlisle United,-,GB4,2018
Ben Liddle,Forest Green Rovers,-,GB4,2018
Matt Worthington,Forest Green Rovers,-,GB4,2018
Alex Palmer,Oldham Athletic,-,GB4,2018
Paul McKay,FC Morecambe,-,GB4,2018
Ali Koiki,Swindon Town,-,GB4,2018
Joe Powell,Northampton Town,-,GB4,2018
Alex Iacovitti,Oldham Athletic,-,GB4,2018
Josef Yarney,FC Morecambe,-,GB4,2018
Kellan Gordon,Lincoln City,-,GB4,2018
Zak Dearnley,Oldham Athletic,-,GB4,2018
Cameron Pring,Newport County,-,GB4,2018
Jonny Smith,Tranmere Rovers,-,GB4,2018
Vashon Neufville,Newport County,-,GB4,2018
Shamal George,Tranmere Rovers,-,GB4,2018
Sam Surridge,Oldham Athletic,-,GB4,2018
Jamie Barjonas,FC Bury,-,GB4,2018
Tristan Abrahams,Yeovil Town,-,GB4,2018
Steven Alzate,Swindon Town,-,GB4,2018
Moses Makasi,FC Stevenage,-,GB4,2018
Diallang Jaiyesimi,Yeovil Town,-,GB4,2018
Aden Baldwin,Cheltenham Town,-,GB4,2018
Ashley Nadesan,Carlisle United,-,GB4,2018
Jordan Gibson,FC Stevenage,-,GB4,2018
Lewis Hardcastle,Port Vale FC,-,GB4,2018
Sam Graham,Oldham Athletic,-,GB4,2018
Regan Slater,Carlisle United,-,GB4,2018
Joe Grayson,Grimsby Town,-,GB4,2018
Joe Piggott,FC Morecambe,-,GB4,2018
Elijah Adebayo,Swindon Town,-,GB4,2018
Adam Crookes,Port Vale FC,-,GB4,2018
Reece Cole,Macclesfield Town FC,-,GB4,2018
Kelsey Mooney,Cheltenham Town,-,GB4,2018
Toby Edser,Port Vale FC,-,GB4,2018
Bernard Mensah,Lincoln City,-,GB4,2018
Ben House,Swindon Town,-,GB4,2018
Lewis Ward,Northampton Town,-,GB4,2018
Mark Harris,Newport County,-,GB4,2018
Harry McKirdy,Newport County,-,GB4,2018
Keston Davies,Notts County,-,GB4,2018
Ben Barclay,Notts County,-,GB4,2018
Josh Grant,Yeovil Town,-,GB4,2018
Callum Maycock,Macclesfield Town FC,-,GB4,2018
Robert Sánchez,Forest Green Rovers,-,GB4,2018
Alex Pattison,Yeovil Town,-,GB4,2018
Nathan Baxter,Yeovil Town,-,GB4,2018
Callum Lang,Oldham Athletic,-,GB4,2018
Sam Stubbs,Notts County,-,GB4,2018
Nathan McGinley,Forest Green Rovers,-,GB4,2018
Timi Max Elsnik,Mansfield Town,-,GB4,2018
Oladapo Afolayan,Oldham Athletic,-,GB4,2018
